open_ts,symbol,open,high,low,close,delta,total_vol
2026-05-03T20:48:35+00:00,BTC_USD@GDAX,81940.00,81940.00,48290.00,48300.00,282,282
2026-05-03T20:48:40+00:00,BTC_USD@GDAX,48190.00,48305.00,48190.00,48300.00,104,176
2026-05-03T20:48:45+00:00,BTC_USD@GDAX,48305.00,48310.00,48300.00,48310.00,-22,32
2026-05-03T20:48:50+00:00,BTC_USD@GDAX,48300.00,48310.00,48295.00,48300.00,96,140
2026-05-03T20:48:55+00:00,BTC_USD@GDAX,48300.00,48305.00,48300.00,48305.00,-5,13
2026-05-03T20:49:00+00:00,BTC_USD@GDAX,48315.00,48315.00,48300.00,48300.00,-10,18
2026-05-03T20:49:05+00:00,BTC_USD@GDAX,48300.00,48305.00,48300.00,48300.00,14,24
2026-05-03T20:49:10+00:00,BTC_USD@GDAX,48305.00,48305.00,48300.00,48300.00,-4,10
2026-05-03T20:49:15+00:00,BTC_USD@GDAX,48325.00,48325.00,48300.00,48300.00,-5,29
2026-05-03T20:49:20+00:00,BTC_USD@GDAX,48300.00,48305.00,48295.00,48300.00,-3,7
2026-05-03T20:49:25+00:00,BTC_USD@GDAX,48185.00,48300.00,48185.00,48290.00,34,50
2026-05-03T20:49:30+00:00,BTC_USD@GDAX,48185.00,48290.00,48185.00,48290.00,-38,46
2026-05-03T20:49:35+00:00,BTC_USD@GDAX,48290.00,48295.00,48290.00,48295.00,-3,7
2026-05-03T20:49:40+00:00,BTC_USD@GDAX,48265.00,48295.00,48265.00,48295.00,70,90
2026-05-03T20:49:45+00:00,BTC_USD@GDAX,48250.00,48295.00,48250.00,48295.00,-10,18
2026-05-03T20:49:50+00:00,BTC_USD@GDAX,48195.00,48295.00,48195.00,48295.00,-8,12
2026-05-03T20:49:55+00:00,BTC_USD@GDAX,48345.00,48345.00,48290.00,48295.00,-75,81
2026-05-03T20:50:00+00:00,BTC_USD@GDAX,48300.00,48300.00,48280.00,48290.00,451,459
2026-05-03T20:50:05+00:00,BTC_USD@GDAX,48290.00,48290.00,48275.00,48275.00,127,181
2026-05-03T20:50:10+00:00,BTC_USD@GDAX,48235.00,48285.00,48235.00,48285.00,-2,38
2026-05-03T20:50:15+00:00,BTC_USD@GDAX,48285.00,48285.00,48280.00,48285.00,14,20
2026-05-03T20:50:20+00:00,BTC_USD@GDAX,48275.00,48285.00,48275.00,48280.00,-4,4
2026-05-03T20:50:25+00:00,BTC_USD@GDAX,48285.00,48285.00,48275.00,48275.00,-15,21
2026-05-03T20:50:30+00:00,BTC_USD@GDAX,48200.00,48280.00,48200.00,48280.00,-8,14
2026-05-03T20:50:35+00:00,BTC_USD@GDAX,48170.00,48285.00,48170.00,48285.00,-8,14
2026-05-03T20:50:40+00:00,BTC_USD@GDAX,48280.00,48285.00,48280.00,48285.00,-3,9
2026-05-03T20:50:45+00:00,BTC_USD@GDAX,48285.00,48285.00,48280.00,48285.00,-59,67
2026-05-03T20:50:50+00:00,BTC_USD@GDAX,48285.00,48285.00,48280.00,48285.00,79,93
2026-05-03T20:50:55+00:00,BTC_USD@GDAX,48285.00,48285.00,48280.00,48285.00,0,18
2026-05-03T20:51:00+00:00,BTC_USD@GDAX,48285.00,48290.00,48280.00,48290.00,-14,30
2026-05-03T20:51:05+00:00,BTC_USD@GDAX,48175.00,48295.00,48175.00,48295.00,-51,87
2026-05-03T20:51:10+00:00,BTC_USD@GDAX,48280.00,48295.00,48280.00,48290.00,9,25
2026-05-03T20:51:15+00:00,BTC_USD@GDAX,48285.00,48295.00,48275.00,48275.00,149,175
2026-05-03T20:51:20+00:00,BTC_USD@GDAX,48285.00,48290.00,48280.00,48290.00,-14,20
2026-05-03T20:51:25+00:00,BTC_USD@GDAX,48290.00,48295.00,48285.00,48295.00,-27,37
2026-05-03T20:51:30+00:00,BTC_USD@GDAX,48295.00,48295.00,48285.00,48290.00,-4,8
2026-05-03T20:51:35+00:00,BTC_USD@GDAX,48285.00,48300.00,48285.00,48300.00,-67,81
2026-05-03T20:51:40+00:00,BTC_USD@GDAX,48180.00,48305.00,48180.00,48300.00,-27,29
2026-05-03T20:51:45+00:00,BTC_USD@GDAX,48295.00,48305.00,48295.00,48300.00,-17,21
2026-05-03T20:51:50+00:00,BTC_USD@GDAX,48305.00,48310.00,48300.00,48300.00,-31,35
2026-05-03T20:51:55+00:00,BTC_USD@GDAX,48290.00,48305.00,48290.00,48305.00,-5,7
2026-05-03T20:52:00+00:00,BTC_USD@GDAX,48300.00,48305.00,48300.00,48300.00,60,76
2026-05-03T20:52:05+00:00,BTC_USD@GDAX,48305.00,48310.00,48300.00,48310.00,-22,24
2026-05-03T20:52:10+00:00,BTC_USD@GDAX,48295.00,48320.00,48295.00,48320.00,-22,70
2026-05-03T20:52:15+00:00,BTC_USD@GDAX,48320.00,48320.00,48310.00,48315.00,-10,14
2026-05-03T20:52:20+00:00,BTC_USD@GDAX,48315.00,48315.00,48310.00,48310.00,-4,12
2026-05-03T20:52:25+00:00,BTC_USD@GDAX,48295.00,48315.00,48295.00,48315.00,-5,9
2026-05-03T20:52:30+00:00,BTC_USD@GDAX,48350.00,48350.00,48310.00,48310.00,-7,9
2026-05-03T20:52:35+00:00,BTC_USD@GDAX,48310.00,48320.00,48310.00,48320.00,-11,43
2026-05-03T20:52:40+00:00,BTC_USD@GDAX,48320.00,48325.00,48320.00,48325.00,-7,17
2026-05-03T20:52:45+00:00,BTC_USD@GDAX,48310.00,48325.00,48310.00,48315.00,30,46
2026-05-03T20:52:50+00:00,BTC_USD@GDAX,48305.00,48320.00,48305.00,48320.00,-2,6
2026-05-03T20:52:55+00:00,BTC_USD@GDAX,48305.00,48325.00,48305.00,48325.00,14,32
2026-05-03T20:53:00+00:00,BTC_USD@GDAX,48315.00,48330.00,48315.00,48330.00,-15,19
2026-05-03T20:53:05+00:00,BTC_USD@GDAX,48315.00,48335.00,48315.00,48330.00,-8,10
2026-05-03T20:53:10+00:00,BTC_USD@GDAX,48340.00,48340.00,48315.00,48320.00,202,248
2026-05-03T20:53:15+00:00,BTC_USD@GDAX,48435.00,48435.00,48315.00,48320.00,8,18
2026-05-03T20:53:20+00:00,BTC_USD@GDAX,48210.00,48330.00,48210.00,48330.00,-41,43
2026-05-03T20:53:25+00:00,BTC_USD@GDAX,48340.00,48340.00,48330.00,48335.00,-6,10
2026-05-03T20:53:30+00:00,BTC_USD@GDAX,48260.00,48335.00,48260.00,48335.00,-5,27
2026-05-03T20:53:35+00:00,BTC_USD@GDAX,48325.00,48335.00,48325.00,48335.00,-12,14
2026-05-03T20:53:40+00:00,BTC_USD@GDAX,48330.00,48335.00,48330.00,48330.00,-4,10
2026-05-03T20:53:45+00:00,BTC_USD@GDAX,48120.00,48335.00,48120.00,48335.00,-1,21
2026-05-03T20:53:50+00:00,BTC_USD@GDAX,47685.00,48335.00,47685.00,48335.00,-4,4
2026-05-03T20:53:55+00:00,BTC_USD@GDAX,48330.00,48330.00,48330.00,48330.00,-8,8
2026-05-03T20:54:00+00:00,BTC_USD@GDAX,48340.00,48340.00,48325.00,48335.00,-7,31
2026-05-03T20:54:05+00:00,BTC_USD@GDAX,48195.00,48340.00,48195.00,48340.00,-9,19
2026-05-03T20:54:10+00:00,BTC_USD@GDAX,48325.00,48340.00,48325.00,48340.00,-18,34
2026-05-03T20:54:15+00:00,BTC_USD@GDAX,48330.00,48340.00,48330.00,48340.00,-3,13
2026-05-03T20:54:20+00:00,BTC_USD@GDAX,48325.00,48340.00,48325.00,48340.00,1,23
2026-05-03T20:54:25+00:00,BTC_USD@GDAX,48335.00,48345.00,48335.00,48345.00,-23,37
2026-05-03T20:54:30+00:00,BTC_USD@GDAX,48335.00,48345.00,48335.00,48340.00,3,13
2026-05-03T20:54:35+00:00,BTC_USD@GDAX,48340.00,48340.00,48335.00,48340.00,2,10
2026-05-03T20:54:40+00:00,BTC_USD@GDAX,48390.00,48390.00,48340.00,48345.00,-4,4
2026-05-03T20:54:45+00:00,BTC_USD@GDAX,48345.00,48345.00,48335.00,48340.00,-5,27
2026-05-03T20:54:50+00:00,BTC_USD@GDAX,48360.00,48360.00,48340.00,48345.00,36,72
2026-05-03T20:54:55+00:00,BTC_USD@GDAX,48345.00,48350.00,48345.00,48350.00,-12,14
2026-05-03T20:55:00+00:00,BTC_USD@GDAX,48345.00,48350.00,48345.00,48350.00,-22,24
2026-05-03T20:55:05+00:00,BTC_USD@GDAX,48345.00,48355.00,48345.00,48350.00,15,303
2026-05-03T20:55:10+00:00,BTC_USD@GDAX,48355.00,48355.00,48345.00,48345.00,142,152
2026-05-03T20:55:15+00:00,BTC_USD@GDAX,48350.00,48350.00,48340.00,48350.00,130,148
2026-05-03T20:55:20+00:00,BTC_USD@GDAX,48345.00,48350.00,48345.00,48350.00,-2,8
2026-05-03T20:55:25+00:00,BTC_USD@GDAX,48345.00,48355.00,48345.00,48355.00,-84,98
2026-05-03T20:55:30+00:00,BTC_USD@GDAX,48360.00,48360.00,48350.00,48355.00,-3,5
2026-05-03T20:55:35+00:00,BTC_USD@GDAX,48350.00,48355.00,48350.00,48355.00,-6,10
2026-05-03T20:55:40+00:00,BTC_USD@GDAX,48350.00,48355.00,48350.00,48355.00,-8,12
2026-05-03T20:55:45+00:00,BTC_USD@GDAX,48360.00,48360.00,48350.00,48350.00,-2,18
2026-05-03T20:55:50+00:00,BTC_USD@GDAX,48365.00,48365.00,48350.00,48355.00,-11,13
2026-05-03T20:55:55+00:00,BTC_USD@GDAX,48350.00,48360.00,48350.00,48360.00,-12,16
2026-05-03T20:56:00+00:00,BTC_USD@GDAX,48360.00,48360.00,48355.00,48360.00,4,16
2026-05-03T20:56:05+00:00,BTC_USD@GDAX,48350.00,48365.00,48350.00,48365.00,-5,11
2026-05-03T20:56:10+00:00,BTC_USD@GDAX,48280.00,48365.00,48280.00,48365.00,-76,76
2026-05-03T20:56:15+00:00,BTC_USD@GDAX,48355.00,48365.00,48355.00,48365.00,-5,9
2026-05-03T20:56:20+00:00,BTC_USD@GDAX,48360.00,48365.00,48355.00,48355.00,135,155
2026-05-03T20:56:25+00:00,BTC_USD@GDAX,48365.00,48365.00,48355.00,48355.00,5,17
2026-05-03T20:56:30+00:00,BTC_USD@GDAX,48350.00,48360.00,48350.00,48360.00,-3,17
2026-05-03T20:56:35+00:00,BTC_USD@GDAX,48405.00,48405.00,48350.00,48355.00,318,352
2026-05-03T20:56:40+00:00,BTC_USD@GDAX,48360.00,48360.00,48350.00,48350.00,176,186
2026-05-03T20:56:45+00:00,BTC_USD@GDAX,48305.00,48355.00,48305.00,48350.00,-3,9
2026-05-03T20:56:50+00:00,BTC_USD@GDAX,48345.00,48355.00,48345.00,48355.00,-77,81
2026-05-03T20:56:55+00:00,BTC_USD@GDAX,48355.00,48355.00,48335.00,48335.00,273,299
2026-05-03T20:57:00+00:00,BTC_USD@GDAX,48325.00,48340.00,48325.00,48340.00,146,170
2026-05-03T20:57:05+00:00,BTC_USD@GDAX,48330.00,48345.00,48330.00,48340.00,95,135
2026-05-03T20:57:10+00:00,BTC_USD@GDAX,48305.00,48340.00,48305.00,48340.00,-1,5
2026-05-03T20:57:15+00:00,BTC_USD@GDAX,48340.00,48345.00,48335.00,48345.00,-16,20
2026-05-03T20:57:20+00:00,BTC_USD@GDAX,48370.00,48370.00,48340.00,48345.00,-224,232
2026-05-03T20:57:25+00:00,BTC_USD@GDAX,48405.00,48405.00,48340.00,48340.00,10,36
2026-05-03T20:57:30+00:00,BTC_USD@GDAX,48445.00,48445.00,48340.00,48345.00,-5,9
2026-05-03T20:57:35+00:00,BTC_USD@GDAX,48210.00,48345.00,48210.00,48345.00,7,31
2026-05-03T20:57:40+00:00,BTC_USD@GDAX,48345.00,48345.00,48340.00,48340.00,146,158
2026-05-03T20:57:45+00:00,BTC_USD@GDAX,48350.00,48350.00,48335.00,48340.00,4,36
2026-05-03T20:57:50+00:00,BTC_USD@GDAX,48340.00,48345.00,48335.00,48340.00,-7,15
2026-05-03T20:57:55+00:00,BTC_USD@GDAX,48320.00,48340.00,48320.00,48340.00,0,8
2026-05-03T20:58:00+00:00,BTC_USD@GDAX,48340.00,48340.00,48335.00,48340.00,-1,17
2026-05-03T20:58:05+00:00,BTC_USD@GDAX,48340.00,48340.00,48335.00,48340.00,47,55
2026-05-03T20:58:10+00:00,BTC_USD@GDAX,48200.00,48335.00,48200.00,48335.00,-4,4
2026-05-03T20:58:15+00:00,BTC_USD@GDAX,48320.00,48335.00,48320.00,48335.00,-5,15
2026-05-03T20:58:20+00:00,BTC_USD@GDAX,48255.00,48335.00,48255.00,48335.00,-87,91
2026-05-03T20:58:25+00:00,BTC_USD@GDAX,48265.00,48335.00,48265.00,48330.00,-10,24
2026-05-03T20:58:30+00:00,BTC_USD@GDAX,48315.00,48335.00,48315.00,48330.00,-49,65
2026-05-03T20:58:35+00:00,BTC_USD@GDAX,48295.00,48335.00,48295.00,48330.00,-67,77
2026-05-03T20:58:40+00:00,BTC_USD@GDAX,48335.00,48335.00,48325.00,48325.00,151,171
2026-05-03T20:58:45+00:00,BTC_USD@GDAX,48295.00,48330.00,48295.00,48320.00,271,287
2026-05-03T20:58:50+00:00,BTC_USD@GDAX,48345.00,48345.00,48310.00,48310.00,45,69
2026-05-03T20:58:55+00:00,BTC_USD@GDAX,48300.00,48315.00,48300.00,48315.00,15,31
2026-05-03T20:59:00+00:00,BTC_USD@GDAX,48295.00,48315.00,48295.00,48300.00,133,137
2026-05-03T20:59:05+00:00,BTC_USD@GDAX,48300.00,48305.00,48300.00,48305.00,-13,15
2026-05-03T20:59:10+00:00,BTC_USD@GDAX,48290.00,48320.00,48290.00,48320.00,-237,237
2026-05-03T20:59:15+00:00,BTC_USD@GDAX,48310.00,48320.00,48305.00,48315.00,-7,17
2026-05-03T20:59:20+00:00,BTC_USD@GDAX,48310.00,48315.00,48310.00,48315.00,-13,13
2026-05-03T20:59:25+00:00,BTC_USD@GDAX,48315.00,48315.00,48310.00,48310.00,-9,21
2026-05-03T20:59:30+00:00,BTC_USD@GDAX,48325.00,48325.00,48305.00,48310.00,4,22
2026-05-03T20:59:35+00:00,BTC_USD@GDAX,48315.00,48315.00,48310.00,48310.00,1,5
2026-05-03T20:59:40+00:00,BTC_USD@GDAX,48250.00,48310.00,48250.00,48305.00,-3,7
2026-05-03T20:59:45+00:00,BTC_USD@GDAX,48315.00,48315.00,48305.00,48310.00,29,61
2026-05-03T20:59:50+00:00,BTC_USD@GDAX,48230.00,48315.00,48230.00,48315.00,-20,28
2026-05-03T20:59:55+00:00,BTC_USD@GDAX,48315.00,48315.00,48310.00,48310.00,-1,19
2026-05-03T21:00:00+00:00,BTC_USD@GDAX,48315.00,48315.00,48305.00,48310.00,3,11
2026-05-03T21:00:05+00:00,BTC_USD@GDAX,48310.00,48310.00,48310.00,48310.00,-4,4
2026-05-03T21:00:10+00:00,BTC_USD@GDAX,48285.00,48310.00,48285.00,48310.00,-5,9
2026-05-03T21:00:15+00:00,BTC_USD@GDAX,48315.00,48315.00,48310.00,48315.00,-14,14
2026-05-03T21:00:20+00:00,BTC_USD@GDAX,48305.00,48315.00,48305.00,48305.00,-5,9
2026-05-03T21:00:25+00:00,BTC_USD@GDAX,48200.00,48310.00,48200.00,48310.00,-9,9
2026-05-03T21:00:30+00:00,BTC_USD@GDAX,48290.00,48310.00,48290.00,48310.00,-4,10
2026-05-03T21:00:35+00:00,BTC_USD@GDAX,48325.00,48325.00,48305.00,48310.00,-4,6
2026-05-03T21:00:40+00:00,BTC_USD@GDAX,48305.00,48320.00,48305.00,48320.00,-1005,1007
2026-05-03T21:00:45+00:00,BTC_USD@GDAX,48315.00,48320.00,48315.00,48320.00,-7,11
2026-05-03T21:00:50+00:00,BTC_USD@GDAX,48315.00,48320.00,48315.00,48320.00,-5,11
2026-05-03T21:00:55+00:00,BTC_USD@GDAX,48340.00,48340.00,48315.00,48320.00,1,5
2026-05-03T21:01:00+00:00,BTC_USD@GDAX,48300.00,48320.00,48300.00,48315.00,-21,23
2026-05-03T21:01:05+00:00,BTC_USD@GDAX,48315.00,48320.00,48315.00,48315.00,-12,14
2026-05-03T21:01:10+00:00,BTC_USD@GDAX,48305.00,48325.00,48305.00,48325.00,-258,260
2026-05-03T21:01:15+00:00,BTC_USD@GDAX,48320.00,48325.00,48320.00,48325.00,-24,30
2026-05-03T21:01:20+00:00,BTC_USD@GDAX,48300.00,48325.00,48300.00,48325.00,-5,7
2026-05-03T21:01:25+00:00,BTC_USD@GDAX,48340.00,48340.00,48320.00,48320.00,19,31
2026-05-03T21:01:30+00:00,BTC_USD@GDAX,48365.00,48365.00,48320.00,48325.00,-18,20
2026-05-03T21:01:35+00:00,BTC_USD@GDAX,48425.00,48425.00,48315.00,48315.00,54,64
2026-05-03T21:01:40+00:00,BTC_USD@GDAX,48320.00,48320.00,48310.00,48310.00,130,148
2026-05-03T21:01:45+00:00,BTC_USD@GDAX,48330.00,48330.00,48305.00,48305.00,2,14
2026-05-03T21:01:50+00:00,BTC_USD@GDAX,48295.00,48310.00,48295.00,48305.00,-5,7
2026-05-03T21:01:55+00:00,BTC_USD@GDAX,48305.00,48310.00,48305.00,48310.00,9,39
2026-05-03T21:02:00+00:00,BTC_USD@GDAX,48300.00,48310.00,48300.00,48305.00,0,20
2026-05-03T21:02:05+00:00,BTC_USD@GDAX,48325.00,48325.00,48305.00,48310.00,66,86
2026-05-03T21:02:10+00:00,BTC_USD@GDAX,48340.00,48340.00,48305.00,48310.00,5,11
2026-05-03T21:02:15+00:00,BTC_USD@GDAX,48240.00,48310.00,48240.00,48310.00,-10,12
2026-05-03T21:02:20+00:00,BTC_USD@GDAX,48295.00,48310.00,48295.00,48310.00,-13,13
2026-05-03T21:02:25+00:00,BTC_USD@GDAX,48210.00,48310.00,48210.00,48300.00,213,231
2026-05-03T21:02:30+00:00,BTC_USD@GDAX,48305.00,48305.00,48300.00,48305.00,-8,10
2026-05-03T21:02:35+00:00,BTC_USD@GDAX,48290.00,48305.00,48290.00,48305.00,-2,10
2026-05-03T21:02:40+00:00,BTC_USD@GDAX,48300.00,48310.00,48300.00,48310.00,-2,14
2026-05-03T21:02:45+00:00,BTC_USD@GDAX,48255.00,48310.00,48255.00,48305.00,-16,22
2026-05-03T21:02:50+00:00,BTC_USD@GDAX,48295.00,48305.00,48295.00,48305.00,-6,14
2026-05-03T21:02:55+00:00,BTC_USD@GDAX,48285.00,48305.00,48275.00,48275.00,499,529
2026-05-03T21:03:00+00:00,BTC_USD@GDAX,48290.00,48295.00,48280.00,48295.00,-6,12
2026-05-03T21:03:05+00:00,BTC_USD@GDAX,48150.00,48300.00,48150.00,48300.00,-47,61
2026-05-03T21:03:10+00:00,BTC_USD@GDAX,48290.00,48300.00,48290.00,48300.00,105,113
2026-05-03T21:03:15+00:00,BTC_USD@GDAX,48335.00,48335.00,48295.00,48300.00,-13,15
2026-05-03T21:03:20+00:00,BTC_USD@GDAX,48295.00,48315.00,48295.00,48315.00,-593,609
2026-05-03T21:03:25+00:00,BTC_USD@GDAX,48310.00,48330.00,48310.00,48325.00,32,76
2026-05-03T21:03:30+00:00,BTC_USD@GDAX,48340.00,48340.00,48330.00,48330.00,-1,7
2026-05-03T21:03:35+00:00,BTC_USD@GDAX,47800.00,48335.00,47800.00,48335.00,5,19
2026-05-03T21:03:40+00:00,BTC_USD@GDAX,48335.00,48335.00,48330.00,48330.00,1,5
2026-05-03T21:03:45+00:00,BTC_USD@GDAX,48335.00,48340.00,48330.00,48335.00,-282,316
2026-05-03T21:03:50+00:00,BTC_USD@GDAX,48345.00,48345.00,48340.00,48345.00,-10,14
2026-05-03T21:03:55+00:00,BTC_USD@GDAX,48275.00,48345.00,48275.00,48340.00,-6,22
2026-05-03T21:04:00+00:00,BTC_USD@GDAX,48350.00,48350.00,48340.00,48350.00,-94,96
2026-05-03T21:04:05+00:00,BTC_USD@GDAX,48345.00,48350.00,48345.00,48350.00,1,19
2026-05-03T21:04:10+00:00,BTC_USD@GDAX,48355.00,48355.00,48350.00,48350.00,-13,13
2026-05-03T21:04:15+00:00,BTC_USD@GDAX,48295.00,48360.00,48295.00,48355.00,-116,122
2026-05-03T21:04:20+00:00,BTC_USD@GDAX,48325.00,48365.00,48325.00,48365.00,-42,64
2026-05-03T21:04:25+00:00,BTC_USD@GDAX,48405.00,48405.00,48360.00,48370.00,-13,25
2026-05-03T21:04:30+00:00,BTC_USD@GDAX,48365.00,48375.00,48365.00,48375.00,-75,77
2026-05-03T21:04:35+00:00,BTC_USD@GDAX,48390.00,48390.00,48375.00,48375.00,-13,13
2026-05-03T21:04:40+00:00,BTC_USD@GDAX,48365.00,48375.00,48365.00,48375.00,-4,8
2026-05-03T21:04:45+00:00,BTC_USD@GDAX,48370.00,48375.00,48370.00,48375.00,1,3
2026-05-03T21:04:50+00:00,BTC_USD@GDAX,48505.00,48505.00,48370.00,48380.00,14,96
2026-05-03T21:04:55+00:00,BTC_USD@GDAX,48375.00,48380.00,48375.00,48380.00,122,132
2026-05-03T21:05:00+00:00,BTC_USD@GDAX,48390.00,48390.00,48375.00,48380.00,-6,10
2026-05-03T21:05:05+00:00,BTC_USD@GDAX,48275.00,48380.00,48275.00,48380.00,-4,20
2026-05-03T21:05:10+00:00,BTC_USD@GDAX,48280.00,48380.00,48280.00,48380.00,2,12
2026-05-03T21:05:15+00:00,BTC_USD@GDAX,48355.00,48380.00,48355.00,48375.00,250,262
2026-05-03T21:05:20+00:00,BTC_USD@GDAX,48505.00,48505.00,48370.00,48375.00,287,321
2026-05-03T21:05:25+00:00,BTC_USD@GDAX,48375.00,48375.00,48360.00,48360.00,168,180
2026-05-03T21:05:30+00:00,BTC_USD@GDAX,48355.00,48365.00,48355.00,48365.00,-5,15
2026-05-03T21:05:35+00:00,BTC_USD@GDAX,48370.00,48370.00,48355.00,48365.00,1,53
2026-05-03T21:05:40+00:00,BTC_USD@GDAX,48350.00,48370.00,48350.00,48370.00,-13,15
2026-05-03T21:05:45+00:00,BTC_USD@GDAX,48370.00,48370.00,48365.00,48370.00,42,68
2026-05-03T21:05:50+00:00,BTC_USD@GDAX,48355.00,48380.00,48355.00,48370.00,-418,424
2026-05-03T21:05:55+00:00,BTC_USD@GDAX,48370.00,48375.00,48365.00,48370.00,32,68
2026-05-03T21:06:00+00:00,BTC_USD@GDAX,48365.00,48380.00,48365.00,48380.00,-17,21
2026-05-03T21:06:05+00:00,BTC_USD@GDAX,48375.00,48380.00,48370.00,48380.00,-29,37
2026-05-03T21:06:10+00:00,BTC_USD@GDAX,48320.00,48380.00,48320.00,48380.00,-101,101
2026-05-03T21:06:15+00:00,BTC_USD@GDAX,48285.00,48380.00,48285.00,48380.00,-1,11
2026-05-03T21:06:20+00:00,BTC_USD@GDAX,48375.00,48380.00,48375.00,48375.00,-8,16
2026-05-03T21:06:25+00:00,BTC_USD@GDAX,48375.00,48380.00,48375.00,48375.00,-1,9
2026-05-03T21:06:30+00:00,BTC_USD@GDAX,48310.00,48375.00,48310.00,48375.00,-23,33
2026-05-03T21:06:35+00:00,BTC_USD@GDAX,48535.00,48535.00,48370.00,48380.00,-16,20
2026-05-03T21:06:40+00:00,BTC_USD@GDAX,63000.00,63000.00,48375.00,48380.00,-10,20
2026-05-03T21:06:45+00:00,BTC_USD@GDAX,48370.00,48380.00,48370.00,48375.00,-34,96
2026-05-03T21:06:50+00:00,BTC_USD@GDAX,48365.00,48380.00,48365.00,48375.00,-10,10
2026-05-03T21:06:55+00:00,BTC_USD@GDAX,48350.00,48375.00,48350.00,48375.00,-7,15
2026-05-03T21:07:00+00:00,BTC_USD@GDAX,48380.00,48380.00,48370.00,48375.00,-7,13
2026-05-03T21:07:05+00:00,BTC_USD@GDAX,48375.00,48380.00,48370.00,48375.00,62,86
2026-05-03T21:07:10+00:00,BTC_USD@GDAX,48375.00,48375.00,48370.00,48375.00,0,8
2026-05-03T21:07:15+00:00,BTC_USD@GDAX,48355.00,48375.00,48355.00,48370.00,-16,18
2026-05-03T21:07:20+00:00,BTC_USD@GDAX,48370.00,48375.00,48370.00,48375.00,-6,8
2026-05-03T21:07:25+00:00,BTC_USD@GDAX,48240.00,48375.00,48240.00,48375.00,-1,3
2026-05-03T21:07:30+00:00,BTC_USD@GDAX,48240.00,48370.00,48240.00,48360.00,284,304
2026-05-03T21:07:35+00:00,BTC_USD@GDAX,48365.00,48365.00,48340.00,48345.00,14,34
2026-05-03T21:07:40+00:00,BTC_USD@GDAX,48235.00,48340.00,48235.00,48340.00,-1,11
2026-05-03T21:07:45+00:00,BTC_USD@GDAX,48315.00,48340.00,48315.00,48335.00,-44,52
2026-05-03T21:07:50+00:00,BTC_USD@GDAX,48225.00,48340.00,48225.00,48335.00,-4,14
2026-05-03T21:07:55+00:00,BTC_USD@GDAX,48340.00,48340.00,48335.00,48335.00,-4,8
2026-05-03T21:08:00+00:00,BTC_USD@GDAX,48340.00,48340.00,48335.00,48340.00,-3,11
2026-05-03T21:08:05+00:00,BTC_USD@GDAX,48215.00,48340.00,48215.00,48335.00,171,179
2026-05-03T21:08:10+00:00,BTC_USD@GDAX,48325.00,48340.00,48325.00,48340.00,-3,7
2026-05-03T21:08:15+00:00,BTC_USD@GDAX,48330.00,48340.00,48330.00,48340.00,-41,41
2026-05-03T21:08:20+00:00,BTC_USD@GDAX,48335.00,48340.00,48335.00,48340.00,-23,29
2026-05-03T21:08:25+00:00,BTC_USD@GDAX,48170.00,48340.00,48170.00,48335.00,-7,37
2026-05-03T21:08:30+00:00,BTC_USD@GDAX,48335.00,48340.00,48335.00,48340.00,-20,26
2026-05-03T21:08:35+00:00,BTC_USD@GDAX,48305.00,48340.00,48305.00,48335.00,-8,16
2026-05-03T21:08:40+00:00,BTC_USD@GDAX,48305.00,48340.00,48305.00,48340.00,-9,9
2026-05-03T21:08:45+00:00,BTC_USD@GDAX,48340.00,48340.00,48335.00,48340.00,-116,120
2026-05-03T20:48:35+00:00,NQU1.CME@RITHMIC,15360.00,15426.75,15360.00,15426.75,4,22
2026-05-03T20:48:40+00:00,NQU1.CME@RITHMIC,15426.75,15427.00,15426.50,15426.75,3,47
2026-05-03T20:48:45+00:00,NQU1.CME@RITHMIC,15426.75,15427.00,15426.75,15427.00,1,33
2026-05-03T20:48:50+00:00,NQU1.CME@RITHMIC,15427.00,15427.25,15426.50,15426.75,-8,48
2026-05-03T20:48:55+00:00,NQU1.CME@RITHMIC,15426.75,15427.25,15426.50,15427.25,-10,28
2026-05-03T20:49:00+00:00,NQU1.CME@RITHMIC,15427.50,15427.75,15427.25,15427.25,-23,57
2026-05-03T20:49:05+00:00,NQU1.CME@RITHMIC,15427.00,15428.00,15427.00,15428.00,-19,33
2026-05-03T20:49:10+00:00,NQU1.CME@RITHMIC,15428.00,15428.25,15427.75,15427.75,-14,36
2026-05-03T20:49:15+00:00,NQU1.CME@RITHMIC,15428.00,15428.75,15427.75,15428.75,-16,58
2026-05-03T20:49:20+00:00,NQU1.CME@RITHMIC,15428.75,15429.00,15428.25,15428.50,13,53
2026-05-03T20:49:25+00:00,NQU1.CME@RITHMIC,15428.75,15428.75,15428.00,15428.00,-10,76
2026-05-03T20:49:30+00:00,NQU1.CME@RITHMIC,15422.25,15428.00,15422.25,15427.75,4,50
2026-05-03T20:49:35+00:00,NQU1.CME@RITHMIC,15436.75,15436.75,15427.50,15427.50,10,66
2026-05-03T20:49:40+00:00,NQU1.CME@RITHMIC,15427.50,15427.75,15427.00,15427.00,15,67
2026-05-03T20:49:45+00:00,NQU1.CME@RITHMIC,15427.00,15427.00,15426.50,15426.75,-1,55
2026-05-03T20:49:50+00:00,NQU1.CME@RITHMIC,15426.75,15427.00,15426.50,15426.75,-3,53
2026-05-03T20:49:55+00:00,NQU1.CME@RITHMIC,15426.75,15427.00,15426.75,15427.00,-13,33
2026-05-03T20:50:00+00:00,NQU1.CME@RITHMIC,15427.00,15427.00,15427.00,15427.00,2,16
2026-05-03T20:50:05+00:00,NQU1.CME@RITHMIC,15426.75,15427.00,15426.50,15426.75,2,34
2026-05-03T20:50:10+00:00,NQU1.CME@RITHMIC,15426.75,15427.25,15426.75,15426.75,-5,61
2026-05-03T20:50:15+00:00,NQU1.CME@RITHMIC,15427.00,15427.25,15426.75,15426.75,-12,28
2026-05-03T20:50:20+00:00,NQU1.CME@RITHMIC,15426.50,15427.25,15426.50,15426.50,17,43
2026-05-03T20:50:25+00:00,NQU1.CME@RITHMIC,15432.50,15432.50,15426.50,15426.75,3,85
2026-05-03T20:50:30+00:00,NQU1.CME@RITHMIC,15426.75,15427.00,15426.50,15426.50,7,19
2026-05-03T20:50:35+00:00,NQU1.CME@RITHMIC,15426.75,15427.25,15426.75,15427.25,-19,33
2026-05-03T20:50:40+00:00,NQU1.CME@RITHMIC,15427.00,15427.25,15426.75,15427.00,9,65
2026-05-03T20:50:45+00:00,NQU1.CME@RITHMIC,15427.00,15427.00,15426.75,15427.00,15,73
2026-05-03T20:50:50+00:00,NQU1.CME@RITHMIC,15400.50,15427.00,15400.50,15426.25,11,75
2026-05-03T20:50:55+00:00,NQU1.CME@RITHMIC,15426.50,15426.50,15425.50,15425.75,13,57
2026-05-03T20:51:00+00:00,NQU1.CME@RITHMIC,15425.75,15425.75,15425.75,15425.75,-5,51
2026-05-03T20:51:05+00:00,NQU1.CME@RITHMIC,15425.50,15426.25,15425.50,15425.75,-12,30
2026-05-03T20:51:10+00:00,NQU1.CME@RITHMIC,15426.00,15426.00,15425.75,15425.75,0,10
2026-05-03T20:51:15+00:00,NQU1.CME@RITHMIC,15427.25,15427.25,15426.00,15426.25,3,31
2026-05-03T20:51:20+00:00,NQU1.CME@RITHMIC,15400.00,15426.50,15400.00,15426.50,-7,31
2026-05-03T20:51:25+00:00,NQU1.CME@RITHMIC,15434.50,15434.50,15426.25,15426.75,-12,28
2026-05-03T20:51:30+00:00,NQU1.CME@RITHMIC,15426.50,15427.00,15426.50,15427.00,-4,40
2026-05-03T20:51:35+00:00,NQU1.CME@RITHMIC,15424.25,15427.25,15424.25,15427.25,-10,32
2026-05-03T20:51:40+00:00,NQU1.CME@RITHMIC,15427.25,15428.00,15427.25,15428.00,-8,74
2026-05-03T20:51:45+00:00,NQU1.CME@RITHMIC,15427.75,15428.25,15427.75,15427.75,6,50
2026-05-03T20:51:50+00:00,NQU1.CME@RITHMIC,15427.75,15427.75,15427.25,15427.50,8,24
2026-05-03T20:51:55+00:00,NQU1.CME@RITHMIC,15427.75,15427.75,15427.25,15427.50,-7,23
2026-05-03T20:52:00+00:00,NQU1.CME@RITHMIC,15427.50,15427.75,15427.50,15427.75,3,27
2026-05-03T20:52:05+00:00,NQU1.CME@RITHMIC,15427.75,15427.75,15427.75,15427.75,-1,3
2026-05-03T20:52:10+00:00,NQU1.CME@RITHMIC,15427.75,15427.75,15427.50,15427.75,6,26
2026-05-03T20:52:15+00:00,NQU1.CME@RITHMIC,15427.75,15427.75,15427.25,15427.50,6,18
2026-05-03T20:52:20+00:00,NQU1.CME@RITHMIC,15427.50,15428.00,15427.50,15427.50,3,35
2026-05-03T20:52:25+00:00,NQU1.CME@RITHMIC,15427.50,15427.75,15427.50,15427.50,-3,13
2026-05-03T20:52:30+00:00,NQU1.CME@RITHMIC,15425.75,15427.50,15425.75,15427.50,3,49
2026-05-03T20:52:35+00:00,NQU1.CME@RITHMIC,15433.50,15433.50,15427.25,15427.75,-6,22
2026-05-03T20:52:40+00:00,NQU1.CME@RITHMIC,15427.75,15428.00,15427.50,15427.50,-1,19
2026-05-03T20:52:45+00:00,NQU1.CME@RITHMIC,15427.25,15427.50,15427.25,15427.25,-1,5
2026-05-03T20:52:50+00:00,NQU1.CME@RITHMIC,15427.50,15428.25,15427.50,15428.25,-14,30
2026-05-03T20:52:55+00:00,NQU1.CME@RITHMIC,15428.25,15428.75,15428.25,15428.50,-10,26
2026-05-03T20:53:00+00:00,NQU1.CME@RITHMIC,15427.25,15428.50,15427.25,15428.50,1,1
2026-05-03T20:53:05+00:00,NQU1.CME@RITHMIC,15386.00,15428.50,15386.00,15428.25,21,39
2026-05-03T20:53:10+00:00,NQU1.CME@RITHMIC,15428.25,15428.50,15428.25,15428.50,2,14
2026-05-03T20:53:15+00:00,NQU1.CME@RITHMIC,15428.75,15429.50,15428.75,15429.25,-34,104
2026-05-03T20:53:20+00:00,NQU1.CME@RITHMIC,15429.00,15429.75,15429.00,15429.25,2,118
2026-05-03T20:53:25+00:00,NQU1.CME@RITHMIC,15429.25,15429.50,15429.00,15429.50,-15,35
2026-05-03T20:53:30+00:00,NQU1.CME@RITHMIC,15410.50,15429.75,15410.50,15429.75,4,92
2026-05-03T20:53:35+00:00,NQU1.CME@RITHMIC,15429.75,15430.00,15429.50,15429.50,10,66
2026-05-03T20:53:40+00:00,NQU1.CME@RITHMIC,15429.75,15429.75,15429.25,15429.50,16,30
2026-05-03T20:53:45+00:00,NQU1.CME@RITHMIC,15429.00,15429.50,15429.00,15429.25,6,46
2026-05-03T20:53:50+00:00,NQU1.CME@RITHMIC,15430.00,15430.00,15429.25,15429.75,-3,51
2026-05-03T20:53:55+00:00,NQU1.CME@RITHMIC,15429.50,15430.75,15429.50,15430.50,-33,93
2026-05-03T20:54:00+00:00,NQU1.CME@RITHMIC,15422.25,15430.75,15422.25,15430.50,-2,30
2026-05-03T20:54:05+00:00,NQU1.CME@RITHMIC,15430.25,15430.50,15430.25,15430.50,8,46
2026-05-03T20:54:10+00:00,NQU1.CME@RITHMIC,15430.50,15431.75,15430.50,15431.50,-48,82
2026-05-03T20:54:15+00:00,NQU1.CME@RITHMIC,15431.25,15431.75,15431.25,15431.25,5,25
2026-05-03T20:54:20+00:00,NQU1.CME@RITHMIC,15431.25,15431.75,15431.25,15431.75,-1,55
2026-05-03T20:54:25+00:00,NQU1.CME@RITHMIC,15434.25,15434.25,15431.50,15431.75,-19,57
2026-05-03T20:54:30+00:00,NQU1.CME@RITHMIC,15424.50,15432.00,15424.50,15431.50,-6,14
2026-05-03T20:54:35+00:00,NQU1.CME@RITHMIC,15432.00,15432.50,15431.25,15432.50,-40,80
2026-05-03T20:54:40+00:00,NQU1.CME@RITHMIC,15432.25,15432.75,15432.25,15432.75,-24,76
2026-05-03T20:54:45+00:00,NQU1.CME@RITHMIC,15432.75,15433.00,15432.00,15432.50,-7,103
2026-05-03T20:54:50+00:00,NQU1.CME@RITHMIC,15432.00,15432.75,15432.00,15432.25,-3,29
2026-05-03T20:54:55+00:00,NQU1.CME@RITHMIC,15432.25,15432.50,15432.25,15432.50,-3,35
2026-05-03T20:55:00+00:00,NQU1.CME@RITHMIC,15433.50,15433.50,15432.50,15432.75,-9,35
2026-05-03T20:55:05+00:00,NQU1.CME@RITHMIC,15432.75,15433.00,15432.50,15432.75,-13,47
2026-05-03T20:55:10+00:00,NQU1.CME@RITHMIC,15448.50,15448.50,15432.50,15432.50,1,67
2026-05-03T20:55:15+00:00,NQU1.CME@RITHMIC,15413.50,15433.00,15413.50,15432.25,3,35
2026-05-03T20:55:20+00:00,NQU1.CME@RITHMIC,15432.25,15433.00,15432.25,15432.75,6,52
2026-05-03T20:55:25+00:00,NQU1.CME@RITHMIC,15431.50,15433.50,15431.50,15433.50,-12,30
2026-05-03T20:55:30+00:00,NQU1.CME@RITHMIC,15433.25,15433.50,15433.25,15433.25,11,17
2026-05-03T20:55:35+00:00,NQU1.CME@RITHMIC,15433.75,15433.75,15433.00,15433.00,-13,63
2026-05-03T20:55:40+00:00,NQU1.CME@RITHMIC,15448.50,15448.50,15432.75,15433.00,-9,19
2026-05-03T20:55:45+00:00,NQU1.CME@RITHMIC,15432.50,15433.25,15432.50,15433.00,-17,39
2026-05-03T20:55:50+00:00,NQU1.CME@RITHMIC,15433.00,15433.25,15433.00,15433.00,2,36
2026-05-03T20:55:55+00:00,NQU1.CME@RITHMIC,15433.75,15433.75,15433.00,15433.00,8,32
2026-05-03T20:56:00+00:00,NQU1.CME@RITHMIC,15433.25,15433.25,15432.50,15432.50,11,39
2026-05-03T20:56:05+00:00,NQU1.CME@RITHMIC,15432.75,15432.75,15432.25,15432.25,4,20
2026-05-03T20:56:10+00:00,NQU1.CME@RITHMIC,15438.25,15438.25,15432.25,15432.50,-3,9
2026-05-03T20:56:15+00:00,NQU1.CME@RITHMIC,15432.50,15432.50,15432.25,15432.50,-2,24
2026-05-03T20:56:20+00:00,NQU1.CME@RITHMIC,15435.25,15435.25,15432.50,15432.50,9,35
2026-05-03T20:56:25+00:00,NQU1.CME@RITHMIC,15432.50,15432.50,15432.25,15432.50,-6,12
2026-05-03T20:56:30+00:00,NQU1.CME@RITHMIC,15417.00,15432.75,15417.00,15432.50,-4,16
2026-05-03T20:56:35+00:00,NQU1.CME@RITHMIC,15438.50,15438.50,15432.50,15433.00,1,31
2026-05-03T20:56:40+00:00,NQU1.CME@RITHMIC,15300.00,15433.00,15300.00,15433.00,0,26
2026-05-03T20:56:45+00:00,NQU1.CME@RITHMIC,15433.25,15433.50,15432.75,15433.00,-10,54
2026-05-03T20:56:50+00:00,NQU1.CME@RITHMIC,15433.25,15433.25,15433.25,15433.25,-4,18
2026-05-03T20:56:55+00:00,NQU1.CME@RITHMIC,15439.50,15439.50,15432.50,15432.50,6,38
2026-05-03T20:57:00+00:00,NQU1.CME@RITHMIC,15432.75,15432.75,15432.25,15432.50,-18,40
2026-05-03T20:57:05+00:00,NQU1.CME@RITHMIC,15425.75,15433.00,15425.75,15432.75,-4,28
2026-05-03T20:57:10+00:00,NQU1.CME@RITHMIC,15432.75,15433.50,15432.75,15433.50,-8,18
2026-05-03T20:57:15+00:00,NQU1.CME@RITHMIC,15433.25,15433.25,15431.50,15432.50,66,188
2026-05-03T20:57:20+00:00,NQU1.CME@RITHMIC,15432.25,15432.75,15432.25,15432.25,-11,25
2026-05-03T20:57:25+00:00,NQU1.CME@RITHMIC,15432.25,15432.75,15432.25,15432.50,-7,27
2026-05-03T20:57:30+00:00,NQU1.CME@RITHMIC,15432.75,15432.75,15432.00,15432.25,4,32
2026-05-03T20:57:35+00:00,NQU1.CME@RITHMIC,15438.75,15438.75,15432.00,15432.25,2,34
2026-05-03T20:57:40+00:00,NQU1.CME@RITHMIC,15453.50,15453.50,15432.00,15432.00,-2,38
2026-05-03T20:57:45+00:00,NQU1.CME@RITHMIC,15462.25,15462.25,15432.00,15432.25,-9,43
2026-05-03T20:57:50+00:00,NQU1.CME@RITHMIC,15432.25,15432.50,15431.75,15432.00,15,47
2026-05-03T20:57:55+00:00,NQU1.CME@RITHMIC,15431.50,15432.25,15431.50,15432.25,6,16
2026-05-03T20:58:00+00:00,NQU1.CME@RITHMIC,15437.50,15437.50,15431.75,15431.75,3,19
2026-05-03T20:58:05+00:00,NQU1.CME@RITHMIC,15431.75,15431.75,15431.50,15431.50,1,23
2026-05-03T20:58:10+00:00,NQU1.CME@RITHMIC,15431.75,15431.75,15431.50,15431.50,10,34
2026-05-03T20:58:15+00:00,NQU1.CME@RITHMIC,15438.50,15438.50,15430.75,15430.75,6,34
2026-05-03T20:58:20+00:00,NQU1.CME@RITHMIC,15431.00,15431.00,15430.50,15430.75,0,58
2026-05-03T20:58:25+00:00,NQU1.CME@RITHMIC,15437.75,15437.75,15429.00,15429.50,66,154
2026-05-03T20:58:30+00:00,NQU1.CME@RITHMIC,15430.25,15431.00,15429.25,15430.25,-21,151
2026-05-03T20:58:35+00:00,NQU1.CME@RITHMIC,15392.50,15430.75,15392.50,15430.50,-5,43
2026-05-03T20:58:40+00:00,NQU1.CME@RITHMIC,15431.00,15432.25,15430.75,15431.75,-14,86
2026-05-03T20:58:45+00:00,NQU1.CME@RITHMIC,15431.75,15431.75,15430.75,15431.25,-23,67
2026-05-03T20:58:50+00:00,NQU1.CME@RITHMIC,15431.75,15431.75,15430.50,15430.75,5,27
2026-05-03T20:58:55+00:00,NQU1.CME@RITHMIC,15431.00,15431.00,15429.75,15430.25,6,72
2026-05-03T20:59:00+00:00,NQU1.CME@RITHMIC,15430.50,15430.75,15429.75,15430.75,16,36
2026-05-03T20:59:05+00:00,NQU1.CME@RITHMIC,15430.50,15431.50,15430.50,15431.50,-2,10
2026-05-03T20:59:10+00:00,NQU1.CME@RITHMIC,15432.00,15432.00,15430.50,15430.50,23,25
2026-05-03T20:59:15+00:00,NQU1.CME@RITHMIC,15427.25,15431.00,15427.25,15430.75,-11,25
2026-05-03T20:59:20+00:00,NQU1.CME@RITHMIC,15431.25,15431.25,15431.00,15431.00,-1,15
2026-05-03T20:59:25+00:00,NQU1.CME@RITHMIC,15431.00,15431.00,15430.25,15430.75,-3,27
2026-05-03T20:59:30+00:00,NQU1.CME@RITHMIC,15459.00,15459.00,15430.75,15430.75,2,2
2026-05-03T20:59:35+00:00,NQU1.CME@RITHMIC,15430.75,15430.75,15430.75,15430.75,-5,17
2026-05-03T20:59:40+00:00,NQU1.CME@RITHMIC,15431.00,15431.50,15430.50,15431.00,-1,29
2026-05-03T20:59:45+00:00,NQU1.CME@RITHMIC,15433.75,15433.75,15430.25,15430.50,-2,24
2026-05-03T20:59:50+00:00,NQU1.CME@RITHMIC,15430.00,15430.75,15430.00,15430.75,0,16
2026-05-03T20:59:55+00:00,NQU1.CME@RITHMIC,15430.50,15430.50,15430.25,15430.50,0,22
2026-05-03T21:00:00+00:00,NQU1.CME@RITHMIC,15431.00,15431.00,15430.50,15430.50,-2,22
2026-05-03T21:00:05+00:00,NQU1.CME@RITHMIC,15426.00,15431.50,15426.00,15431.00,1,41
2026-05-03T21:00:10+00:00,NQU1.CME@RITHMIC,15431.00,15431.25,15430.50,15431.00,-12,48
2026-05-03T21:00:15+00:00,NQU1.CME@RITHMIC,15430.50,15431.25,15430.50,15431.25,-3,33
2026-05-03T21:00:20+00:00,NQU1.CME@RITHMIC,15423.00,15431.25,15423.00,15431.25,11,33
2026-05-03T21:00:25+00:00,NQU1.CME@RITHMIC,15431.50,15431.50,15431.00,15431.00,-6,20
2026-05-03T21:00:30+00:00,NQU1.CME@RITHMIC,15431.00,15431.00,15430.25,15430.50,17,37
2026-05-03T21:00:35+00:00,NQU1.CME@RITHMIC,15428.25,15430.50,15428.25,15430.50,-3,25
2026-05-03T21:00:40+00:00,NQU1.CME@RITHMIC,15430.50,15430.50,15430.00,15430.00,9,21
2026-05-03T21:00:45+00:00,NQU1.CME@RITHMIC,15429.75,15430.75,15429.75,15430.75,-16,20
2026-05-03T21:00:50+00:00,NQU1.CME@RITHMIC,15431.25,15431.25,15430.50,15430.50,6,32
2026-05-03T21:00:55+00:00,NQU1.CME@RITHMIC,15431.00,15431.00,15430.25,15430.25,-1,31
2026-05-03T21:01:00+00:00,NQU1.CME@RITHMIC,15430.25,15431.00,15430.00,15430.75,-8,28
2026-05-03T21:01:05+00:00,NQU1.CME@RITHMIC,15430.50,15430.75,15430.25,15430.50,11,35
2026-05-03T21:01:10+00:00,NQU1.CME@RITHMIC,15455.75,15455.75,15430.25,15430.50,6,18
2026-05-03T21:01:15+00:00,NQU1.CME@RITHMIC,15430.25,15431.25,15430.25,15430.75,1,35
2026-05-03T21:01:20+00:00,NQU1.CME@RITHMIC,15430.75,15430.75,15430.50,15430.75,4,18
2026-05-03T21:01:25+00:00,NQU1.CME@RITHMIC,15437.75,15437.75,15430.50,15430.50,-3,15
2026-05-03T21:01:30+00:00,NQU1.CME@RITHMIC,15426.75,15430.75,15426.75,15430.75,-2,20
2026-05-03T21:01:35+00:00,NQU1.CME@RITHMIC,15431.25,15431.25,15430.25,15431.25,-7,75
2026-05-03T21:01:40+00:00,NQU1.CME@RITHMIC,15431.50,15431.50,15430.75,15431.25,-14,52
2026-05-03T21:01:45+00:00,NQU1.CME@RITHMIC,15423.00,15432.25,15423.00,15432.00,-34,118
2026-05-03T21:01:50+00:00,NQU1.CME@RITHMIC,15432.00,15432.25,15431.75,15432.00,-4,44
2026-05-03T21:01:55+00:00,NQU1.CME@RITHMIC,15427.75,15432.75,15427.75,15432.75,-15,79
2026-05-03T21:02:00+00:00,NQU1.CME@RITHMIC,15432.50,15433.25,15432.50,15433.00,11,129
2026-05-03T21:02:05+00:00,NQU1.CME@RITHMIC,15433.00,15433.50,15432.50,15432.75,-20,56
2026-05-03T21:02:10+00:00,NQU1.CME@RITHMIC,15418.75,15433.00,15418.75,15432.50,9,35
2026-05-03T21:02:15+00:00,NQU1.CME@RITHMIC,15431.50,15432.75,15431.50,15432.75,7,29
2026-05-03T21:02:20+00:00,NQU1.CME@RITHMIC,15433.00,15433.00,15432.25,15432.50,-5,25
2026-05-03T21:02:25+00:00,NQU1.CME@RITHMIC,15432.00,15432.75,15432.00,15432.50,0,18
2026-05-03T21:02:30+00:00,NQU1.CME@RITHMIC,15432.25,15432.50,15431.75,15432.00,30,58
2026-05-03T21:02:35+00:00,NQU1.CME@RITHMIC,15441.00,15441.00,15432.00,15432.50,-6,70
2026-05-03T21:02:40+00:00,NQU1.CME@RITHMIC,15432.50,15433.25,15432.50,15432.75,-23,75
2026-05-03T21:02:45+00:00,NQU1.CME@RITHMIC,15433.25,15433.25,15432.50,15432.50,-2,46
2026-05-03T21:02:50+00:00,NQU1.CME@RITHMIC,15458.50,15458.50,15432.25,15432.75,15,73
2026-05-03T21:02:55+00:00,NQU1.CME@RITHMIC,15433.00,15433.00,15432.75,15433.00,-1,41
2026-05-03T21:03:00+00:00,NQU1.CME@RITHMIC,15433.00,15433.25,15432.75,15433.25,-16,38
2026-05-03T21:03:05+00:00,NQU1.CME@RITHMIC,15433.00,15433.25,15432.50,15432.75,10,44
2026-05-03T21:03:10+00:00,NQU1.CME@RITHMIC,15435.50,15435.50,15432.50,15432.75,5,19
2026-05-03T21:03:15+00:00,NQU1.CME@RITHMIC,15432.75,15433.00,15432.50,15433.00,-9,27
2026-05-03T21:03:20+00:00,NQU1.CME@RITHMIC,15430.75,15433.00,15430.75,15433.00,14,32
2026-05-03T21:03:25+00:00,NQU1.CME@RITHMIC,15401.75,15433.00,15401.75,15432.75,-7,25
2026-05-03T21:03:30+00:00,NQU1.CME@RITHMIC,15432.75,15432.75,15432.50,15432.75,0,10
2026-05-03T21:03:35+00:00,NQU1.CME@RITHMIC,15433.00,15433.25,15432.75,15433.00,-1,51
2026-05-03T21:03:40+00:00,NQU1.CME@RITHMIC,15432.75,15433.75,15432.75,15433.00,-33,75
2026-05-03T21:03:45+00:00,NQU1.CME@RITHMIC,15433.25,15433.25,15432.50,15432.75,10,28
2026-05-03T21:03:50+00:00,NQU1.CME@RITHMIC,15432.50,15433.00,15432.50,15432.75,27,63
2026-05-03T21:03:55+00:00,NQU1.CME@RITHMIC,15433.50,15433.50,15432.50,15432.50,2,20
2026-05-03T21:04:00+00:00,NQU1.CME@RITHMIC,15432.75,15432.75,15431.25,15431.25,55,95
2026-05-03T21:04:05+00:00,NQU1.CME@RITHMIC,15431.25,15431.75,15431.25,15431.25,16,76
2026-05-03T21:04:10+00:00,NQU1.CME@RITHMIC,15431.25,15432.00,15430.75,15431.25,-9,99
2026-05-03T21:04:15+00:00,NQU1.CME@RITHMIC,15431.25,15431.25,15430.75,15431.25,7,41
2026-05-03T21:04:20+00:00,NQU1.CME@RITHMIC,15431.25,15432.50,15431.25,15432.50,2,62
2026-05-03T21:04:25+00:00,NQU1.CME@RITHMIC,15423.50,15432.25,15423.50,15432.00,1,37
2026-05-03T21:04:30+00:00,NQU1.CME@RITHMIC,15439.25,15439.25,15432.00,15432.25,4,32
2026-05-03T21:04:35+00:00,NQU1.CME@RITHMIC,15429.50,15434.25,15429.50,15434.00,-43,103
2026-05-03T21:04:40+00:00,NQU1.CME@RITHMIC,15434.00,15434.50,15433.25,15433.25,-5,83
2026-05-03T21:04:45+00:00,NQU1.CME@RITHMIC,15433.00,15433.25,15432.00,15432.25,-3,53
2026-05-03T21:04:50+00:00,NQU1.CME@RITHMIC,15434.00,15434.00,15432.00,15432.00,16,48
2026-05-03T21:04:55+00:00,NQU1.CME@RITHMIC,15432.00,15432.75,15432.00,15432.50,-2,38
2026-05-03T21:05:00+00:00,NQU1.CME@RITHMIC,15432.50,15432.75,15432.50,15432.75,-3,15
2026-05-03T21:05:05+00:00,NQU1.CME@RITHMIC,15432.25,15432.75,15432.25,15432.75,5,15
2026-05-03T21:05:10+00:00,NQU1.CME@RITHMIC,15432.75,15433.00,15432.50,15432.50,-11,61
2026-05-03T21:05:15+00:00,NQU1.CME@RITHMIC,15432.00,15432.75,15432.00,15432.00,9,23
2026-05-03T21:05:20+00:00,NQU1.CME@RITHMIC,15431.75,15431.75,15431.25,15431.50,6,26
2026-05-03T21:05:25+00:00,NQU1.CME@RITHMIC,15431.50,15431.50,15431.00,15431.50,-1,43
2026-05-03T21:05:30+00:00,NQU1.CME@RITHMIC,15431.75,15431.75,15431.50,15431.50,2,2
2026-05-03T21:05:35+00:00,NQU1.CME@RITHMIC,15431.75,15432.25,15431.25,15432.00,12,78
2026-05-03T21:05:40+00:00,NQU1.CME@RITHMIC,15432.25,15432.25,15431.50,15431.50,3,23
2026-05-03T21:05:45+00:00,NQU1.CME@RITHMIC,15431.75,15431.75,15430.75,15430.75,4,44
2026-05-03T21:05:50+00:00,NQU1.CME@RITHMIC,15438.00,15438.00,15429.50,15429.75,64,122
2026-05-03T21:05:55+00:00,NQU1.CME@RITHMIC,15428.00,15430.25,15428.00,15429.75,2,32
2026-05-03T21:06:00+00:00,NQU1.CME@RITHMIC,15379.75,15430.25,15379.75,15430.25,34,92
2026-05-03T21:06:05+00:00,NQU1.CME@RITHMIC,15430.25,15430.75,15430.25,15430.25,1,59
2026-05-03T21:06:10+00:00,NQU1.CME@RITHMIC,15430.00,15430.00,15429.00,15429.25,19,73
2026-05-03T21:06:15+00:00,NQU1.CME@RITHMIC,15429.25,15429.50,15428.75,15429.25,13,37
2026-05-03T21:06:20+00:00,NQU1.CME@RITHMIC,15423.00,15429.50,15423.00,15429.25,-5,29
2026-05-03T21:06:25+00:00,NQU1.CME@RITHMIC,15429.25,15429.50,15429.00,15429.50,3,27
2026-05-03T21:06:30+00:00,NQU1.CME@RITHMIC,15414.00,15430.00,15414.00,15429.50,-13,31
2026-05-03T21:06:35+00:00,NQU1.CME@RITHMIC,15429.75,15430.50,15429.75,15429.75,-9,57
2026-05-03T21:06:40+00:00,NQU1.CME@RITHMIC,15429.75,15430.25,15429.75,15430.00,8,54
2026-05-03T21:06:45+00:00,NQU1.CME@RITHMIC,15430.25,15430.25,15430.00,15430.00,1,15
2026-05-03T21:06:50+00:00,NQU1.CME@RITHMIC,15430.00,15431.00,15430.00,15431.00,-12,36
2026-05-03T21:06:55+00:00,NQU1.CME@RITHMIC,15431.00,15431.25,15430.50,15431.25,3,21
2026-05-03T21:07:00+00:00,NQU1.CME@RITHMIC,15461.25,15461.25,15431.00,15431.00,7,27
2026-05-03T21:07:05+00:00,NQU1.CME@RITHMIC,15423.00,15432.00,15423.00,15431.75,-10,44
2026-05-03T21:07:10+00:00,NQU1.CME@RITHMIC,15431.75,15432.00,15431.75,15431.75,-15,31
2026-05-03T21:07:15+00:00,NQU1.CME@RITHMIC,15432.00,15432.50,15431.75,15432.25,-6,34
2026-05-03T21:07:20+00:00,NQU1.CME@RITHMIC,15433.50,15433.50,15432.25,15432.25,2,18
2026-05-03T21:07:25+00:00,NQU1.CME@RITHMIC,15432.25,15432.50,15431.25,15432.00,30,70
2026-05-03T21:07:30+00:00,NQU1.CME@RITHMIC,15432.00,15432.25,15431.75,15432.25,-3,29
2026-05-03T21:07:35+00:00,NQU1.CME@RITHMIC,15432.00,15433.00,15432.00,15433.00,-12,44
2026-05-03T21:07:40+00:00,NQU1.CME@RITHMIC,15433.00,15433.00,15432.50,15432.50,3,51
2026-05-03T21:07:45+00:00,NQU1.CME@RITHMIC,15432.75,15432.75,15432.25,15432.50,0,16
2026-05-03T21:07:50+00:00,NQU1.CME@RITHMIC,15433.00,15433.00,15432.25,15432.25,1,17
2026-05-03T21:07:55+00:00,NQU1.CME@RITHMIC,15433.50,15433.50,15431.75,15431.75,0,10
2026-05-03T21:08:00+00:00,NQU1.CME@RITHMIC,15424.75,15432.00,15424.75,15432.00,-1,9
2026-05-03T21:08:05+00:00,NQU1.CME@RITHMIC,15432.00,15432.25,15432.00,15432.25,0,2
2026-05-03T21:08:10+00:00,NQU1.CME@RITHMIC,15432.25,15432.25,15432.00,15432.25,-3,23
2026-05-03T21:08:15+00:00,NQU1.CME@RITHMIC,15427.25,15432.25,15427.25,15432.00,-3,15
2026-05-03T21:08:20+00:00,NQU1.CME@RITHMIC,15432.25,15432.25,15432.00,15432.25,-4,22
2026-05-03T21:08:25+00:00,NQU1.CME@RITHMIC,15432.00,15432.50,15432.00,15432.25,-5,15
2026-05-03T21:08:30+00:00,NQU1.CME@RITHMIC,15432.00,15432.50,15432.00,15432.25,-8,36
2026-05-03T21:08:35+00:00,NQU1.CME@RITHMIC,15432.25,15432.75,15432.25,15432.50,-14,38
2026-05-03T21:08:40+00:00,NQU1.CME@RITHMIC,15433.00,15433.75,15433.00,15433.50,-21,53
2026-05-03T21:08:45+00:00,NQU1.CME@RITHMIC,15433.50,15433.75,15433.00,15433.25,9,31
2026-05-03T20:48:35+00:00,ESU1.CME@RITHMIC,4608.00,4608.00,4505.25,4505.50,-2,4
2026-05-03T20:48:40+00:00,ESU1.CME@RITHMIC,4505.50,4505.50,4505.25,4505.50,40,224
2026-05-03T20:48:45+00:00,ESU1.CME@RITHMIC,4499.75,4505.75,4499.75,4505.50,13,167
2026-05-03T20:48:50+00:00,ESU1.CME@RITHMIC,4505.25,4505.75,4505.25,4505.75,1,161
2026-05-03T20:48:55+00:00,ESU1.CME@RITHMIC,4505.75,4505.75,4505.75,4505.75,-6,6
2026-05-03T20:49:00+00:00,ESU1.CME@RITHMIC,4505.75,4505.75,4505.75,4505.75,-2,2
2026-05-03T20:49:05+00:00,ESU1.CME@RITHMIC,4505.00,4505.75,4505.00,4505.75,-6,6
2026-05-03T20:49:10+00:00,ESU1.CME@RITHMIC,4505.75,4505.75,4505.50,4505.75,-9,13
2026-05-03T20:49:15+00:00,ESU1.CME@RITHMIC,4505.75,4506.00,4505.75,4506.00,-171,265
2026-05-03T20:49:20+00:00,ESU1.CME@RITHMIC,4506.00,4506.00,4505.75,4506.00,-1,11
2026-05-03T20:49:25+00:00,ESU1.CME@RITHMIC,4506.00,4506.00,4505.75,4505.75,0,14
2026-05-03T20:49:30+00:00,ESU1.CME@RITHMIC,4504.75,4506.00,4504.75,4505.75,-8,12
2026-05-03T20:49:35+00:00,ESU1.CME@RITHMIC,4509.75,4509.75,4505.50,4505.75,123,331
2026-05-03T20:49:40+00:00,ESU1.CME@RITHMIC,4505.50,4505.75,4505.50,4505.50,-38,52
2026-05-03T20:49:45+00:00,ESU1.CME@RITHMIC,4505.50,4505.75,4505.50,4505.50,-35,39
2026-05-03T20:49:50+00:00,ESU1.CME@RITHMIC,4505.25,4505.75,4505.25,4505.75,-77,161
2026-05-03T20:49:55+00:00,ESU1.CME@RITHMIC,4505.75,4506.00,4505.75,4506.00,-15,123
2026-05-03T20:50:00+00:00,ESU1.CME@RITHMIC,4505.75,4506.00,4505.75,4506.00,-6,10
2026-05-03T20:50:05+00:00,ESU1.CME@RITHMIC,4506.00,4506.00,4505.75,4505.75,0,4
2026-05-03T20:50:10+00:00,ESU1.CME@RITHMIC,4506.25,4506.25,4506.00,4506.00,-12,12
2026-05-03T20:50:15+00:00,ESU1.CME@RITHMIC,4506.00,4506.00,4506.00,4506.00,6,178
2026-05-03T20:50:20+00:00,ESU1.CME@RITHMIC,4506.00,4506.00,4506.00,4506.00,-198,198
2026-05-03T20:50:25+00:00,ESU1.CME@RITHMIC,4506.00,4506.25,4506.00,4506.25,-96,596
2026-05-03T20:50:30+00:00,ESU1.CME@RITHMIC,4506.00,4506.25,4506.00,4506.25,-2,8
2026-05-03T20:50:35+00:00,ESU1.CME@RITHMIC,4506.00,4506.25,4506.00,4506.25,-39,49
2026-05-03T20:50:40+00:00,ESU1.CME@RITHMIC,4506.25,4506.25,4506.00,4506.25,113,461
2026-05-03T20:50:45+00:00,ESU1.CME@RITHMIC,4506.25,4506.25,4506.00,4506.00,-35,195
2026-05-03T20:50:50+00:00,ESU1.CME@RITHMIC,4506.00,4506.00,4505.75,4506.00,-183,215
2026-05-03T20:50:55+00:00,ESU1.CME@RITHMIC,4506.00,4506.00,4505.75,4505.75,256,296
2026-05-03T20:51:00+00:00,ESU1.CME@RITHMIC,4505.75,4505.75,4505.50,4505.75,-80,278
2026-05-03T20:51:05+00:00,ESU1.CME@RITHMIC,4505.75,4505.75,4505.50,4505.50,12,14
2026-05-03T20:51:10+00:00,ESU1.CME@RITHMIC,4505.75,4505.75,4505.50,4505.75,-1,5
2026-05-03T20:51:15+00:00,ESU1.CME@RITHMIC,4505.50,4505.75,4505.50,4505.50,4,6
2026-05-03T20:51:20+00:00,ESU1.CME@RITHMIC,4505.75,4505.75,4505.25,4505.50,177,185
2026-05-03T20:51:25+00:00,ESU1.CME@RITHMIC,4505.50,4505.50,4505.25,4505.25,-2,4
2026-05-03T20:51:30+00:00,ESU1.CME@RITHMIC,4505.50,4505.50,4505.25,4505.50,-103,253
2026-05-03T20:51:35+00:00,ESU1.CME@RITHMIC,4505.50,4505.75,4505.50,4505.75,-37,181
2026-05-03T20:51:40+00:00,ESU1.CME@RITHMIC,4503.50,4506.00,4503.50,4506.00,-11,67
2026-05-03T20:51:45+00:00,ESU1.CME@RITHMIC,4505.75,4506.00,4505.75,4505.75,3,7
2026-05-03T20:51:50+00:00,ESU1.CME@RITHMIC,4505.00,4506.00,4505.00,4506.00,4,8
2026-05-03T20:51:55+00:00,ESU1.CME@RITHMIC,4505.50,4506.00,4505.50,4505.75,37,39
2026-05-03T20:52:00+00:00,ESU1.CME@RITHMIC,4466.00,4506.00,4466.00,4506.00,-5,13
2026-05-03T20:52:05+00:00,ESU1.CME@RITHMIC,4505.25,4506.00,4505.25,4506.00,-3,3
2026-05-03T20:52:10+00:00,ESU1.CME@RITHMIC,4507.00,4507.00,4505.75,4506.00,1,21
2026-05-03T20:52:15+00:00,ESU1.CME@RITHMIC,4505.75,4506.00,4505.75,4506.00,-3,3
2026-05-03T20:52:20+00:00,ESU1.CME@RITHMIC,4506.00,4506.25,4506.00,4506.00,-86,540
2026-05-03T20:52:25+00:00,ESU1.CME@RITHMIC,4506.25,4506.25,4506.00,4506.25,0,4
2026-05-03T20:52:30+00:00,ESU1.CME@RITHMIC,4506.25,4506.25,4506.00,4506.00,169,377
2026-05-03T20:52:35+00:00,ESU1.CME@RITHMIC,4506.00,4506.00,4505.75,4506.00,-1,63
2026-05-03T20:52:40+00:00,ESU1.CME@RITHMIC,4506.00,4506.00,4506.00,4506.00,-6,6
2026-05-03T20:52:45+00:00,ESU1.CME@RITHMIC,4504.00,4506.00,4504.00,4506.00,-3,3
2026-05-03T20:52:50+00:00,ESU1.CME@RITHMIC,4455.25,4506.25,4455.25,4506.25,-96,198
2026-05-03T20:52:55+00:00,ESU1.CME@RITHMIC,4505.50,4506.25,4505.50,4506.00,10,14
2026-05-03T20:53:00+00:00,ESU1.CME@RITHMIC,4506.25,4506.25,4506.00,4506.00,-45,49
2026-05-03T20:53:05+00:00,ESU1.CME@RITHMIC,4512.25,4512.25,4506.00,4506.25,5,9
2026-05-03T20:53:10+00:00,ESU1.CME@RITHMIC,4506.25,4506.25,4506.00,4506.00,-20,26
2026-05-03T20:53:15+00:00,ESU1.CME@RITHMIC,4506.25,4506.25,4506.00,4506.25,96,218
2026-05-03T20:53:20+00:00,ESU1.CME@RITHMIC,4506.25,4506.25,4506.00,4506.00,-111,121
2026-05-03T20:53:25+00:00,ESU1.CME@RITHMIC,4505.50,4506.25,4505.50,4506.25,-24,30
2026-05-03T20:53:30+00:00,ESU1.CME@RITHMIC,4506.25,4506.25,4506.25,4506.25,-184,354
2026-05-03T20:53:35+00:00,ESU1.CME@RITHMIC,4506.25,4506.25,4506.25,4506.25,-32,418
2026-05-03T20:53:40+00:00,ESU1.CME@RITHMIC,4506.75,4506.75,4506.00,4506.25,-89,95
2026-05-03T20:53:45+00:00,ESU1.CME@RITHMIC,4499.75,4506.25,4499.75,4506.25,-45,45
2026-05-03T20:53:50+00:00,ESU1.CME@RITHMIC,4506.25,4506.25,4506.00,4506.00,-40,48
2026-05-03T20:53:55+00:00,ESU1.CME@RITHMIC,4506.00,4506.50,4506.00,4506.50,-201,919
2026-05-03T20:54:00+00:00,ESU1.CME@RITHMIC,4506.50,4506.50,4506.50,4506.50,-7,7
2026-05-03T20:54:05+00:00,ESU1.CME@RITHMIC,4506.50,4506.50,4506.25,4506.50,140,296
2026-05-03T20:54:10+00:00,ESU1.CME@RITHMIC,4506.00,4506.75,4506.00,4506.75,-89,235
2026-05-03T20:54:15+00:00,ESU1.CME@RITHMIC,4506.00,4506.75,4506.00,4506.75,-10,14
2026-05-03T20:54:20+00:00,ESU1.CME@RITHMIC,4507.00,4507.00,4506.75,4506.75,-256,262
2026-05-03T20:54:25+00:00,ESU1.CME@RITHMIC,4507.00,4507.00,4506.75,4506.75,-47,133
2026-05-03T20:54:30+00:00,ESU1.CME@RITHMIC,4506.75,4506.75,4506.50,4506.50,-18,22
2026-05-03T20:54:35+00:00,ESU1.CME@RITHMIC,4505.00,4506.75,4505.00,4506.75,-10,16
2026-05-03T20:54:40+00:00,ESU1.CME@RITHMIC,4506.75,4506.75,4506.25,4506.50,169,231
2026-05-03T20:54:45+00:00,ESU1.CME@RITHMIC,4506.50,4506.50,4506.25,4506.50,-74,278
2026-05-03T20:54:50+00:00,ESU1.CME@RITHMIC,4506.25,4506.75,4506.25,4506.75,-12,12
2026-05-03T20:54:55+00:00,ESU1.CME@RITHMIC,4506.75,4506.75,4506.75,4506.75,-41,41
2026-05-03T20:55:00+00:00,ESU1.CME@RITHMIC,4506.25,4506.75,4506.25,4506.75,-5,7
2026-05-03T20:55:05+00:00,ESU1.CME@RITHMIC,4506.75,4506.75,4506.50,4506.75,-108,150
2026-05-03T20:55:10+00:00,ESU1.CME@RITHMIC,4502.75,4507.00,4502.75,4507.00,18,362
2026-05-03T20:55:15+00:00,ESU1.CME@RITHMIC,4506.75,4507.00,4506.75,4506.75,56,140
2026-05-03T20:55:20+00:00,ESU1.CME@RITHMIC,4506.75,4507.00,4506.75,4506.75,-22,80
2026-05-03T20:55:25+00:00,ESU1.CME@RITHMIC,4506.50,4507.00,4506.50,4507.00,-25,29
2026-05-03T20:55:30+00:00,ESU1.CME@RITHMIC,4507.00,4507.00,4506.75,4506.75,-11,31
2026-05-03T20:55:35+00:00,ESU1.CME@RITHMIC,4506.75,4507.00,4506.50,4506.75,95,227
2026-05-03T20:55:40+00:00,ESU1.CME@RITHMIC,4506.75,4506.75,4506.50,4506.75,-12,20
2026-05-03T20:55:45+00:00,ESU1.CME@RITHMIC,4506.75,4506.75,4506.50,4506.75,-2,26
2026-05-03T20:55:50+00:00,ESU1.CME@RITHMIC,4506.75,4506.75,4506.50,4506.50,8,18
2026-05-03T20:55:55+00:00,ESU1.CME@RITHMIC,4506.25,4506.75,4506.25,4506.75,-32,208
2026-05-03T20:56:00+00:00,ESU1.CME@RITHMIC,4506.75,4506.75,4506.50,4506.75,8,16
2026-05-03T20:56:05+00:00,ESU1.CME@RITHMIC,4506.25,4506.75,4506.25,4506.75,-18,20
2026-05-03T20:56:10+00:00,ESU1.CME@RITHMIC,4506.75,4506.75,4506.50,4506.75,-1,3
2026-05-03T20:56:15+00:00,ESU1.CME@RITHMIC,4506.75,4506.75,4506.50,4506.75,2,6
2026-05-03T20:56:20+00:00,ESU1.CME@RITHMIC,4506.75,4506.75,4506.25,4506.50,118,260
2026-05-03T20:56:25+00:00,ESU1.CME@RITHMIC,4506.50,4506.50,4506.25,4506.25,1,5
2026-05-03T20:56:30+00:00,ESU1.CME@RITHMIC,4506.50,4506.50,4506.25,4506.50,-5,7
2026-05-03T20:56:35+00:00,ESU1.CME@RITHMIC,4506.50,4506.50,4506.25,4506.25,9,11
2026-05-03T20:56:40+00:00,ESU1.CME@RITHMIC,4506.50,4506.50,4506.25,4506.25,5,7
2026-05-03T20:56:45+00:00,ESU1.CME@RITHMIC,4506.25,4506.50,4506.25,4506.50,-3,5
2026-05-03T20:56:50+00:00,ESU1.CME@RITHMIC,4506.50,4506.50,4506.50,4506.50,-4,4
2026-05-03T20:56:55+00:00,ESU1.CME@RITHMIC,4506.50,4506.50,4506.25,4506.25,38,42
2026-05-03T20:57:00+00:00,ESU1.CME@RITHMIC,4506.25,4506.50,4506.25,4506.25,87,161
2026-05-03T20:57:05+00:00,ESU1.CME@RITHMIC,4506.25,4506.50,4506.25,4506.25,-8,110
2026-05-03T20:57:10+00:00,ESU1.CME@RITHMIC,4506.25,4506.50,4506.25,4506.50,-4,8
2026-05-03T20:57:15+00:00,ESU1.CME@RITHMIC,4506.25,4506.50,4505.75,4506.00,1314,1432
2026-05-03T20:57:20+00:00,ESU1.CME@RITHMIC,4506.00,4506.00,4505.75,4506.00,0,2
2026-05-03T20:57:25+00:00,ESU1.CME@RITHMIC,4506.50,4506.50,4505.75,4506.00,4,12
2026-05-03T20:57:30+00:00,ESU1.CME@RITHMIC,4506.00,4506.00,4505.75,4506.00,1,3
2026-05-03T20:57:35+00:00,ESU1.CME@RITHMIC,4505.75,4506.00,4505.75,4506.00,-2,10
2026-05-03T20:57:40+00:00,ESU1.CME@RITHMIC,4506.50,4506.50,4505.75,4506.00,3,5
2026-05-03T20:57:45+00:00,ESU1.CME@RITHMIC,4504.75,4506.00,4504.75,4506.00,2,6
2026-05-03T20:57:50+00:00,ESU1.CME@RITHMIC,4506.75,4506.75,4505.75,4506.00,146,362
2026-05-03T20:57:55+00:00,ESU1.CME@RITHMIC,4505.75,4506.00,4505.75,4505.75,0,4
2026-05-03T20:58:00+00:00,ESU1.CME@RITHMIC,4501.50,4506.00,4501.50,4505.75,10,14
2026-05-03T20:58:05+00:00,ESU1.CME@RITHMIC,4505.75,4506.00,4505.75,4505.75,0,4
2026-05-03T20:58:10+00:00,ESU1.CME@RITHMIC,4506.00,4506.00,4505.75,4506.00,0,4
2026-05-03T20:58:15+00:00,ESU1.CME@RITHMIC,4506.00,4506.00,4505.75,4506.00,1,9
2026-05-03T20:58:20+00:00,ESU1.CME@RITHMIC,4516.25,4516.25,4505.75,4506.00,-6,14
2026-05-03T20:58:25+00:00,ESU1.CME@RITHMIC,4506.00,4506.00,4505.75,4505.75,175,275
2026-05-03T20:58:30+00:00,ESU1.CME@RITHMIC,4505.75,4506.00,4505.50,4505.75,-134,900
2026-05-03T20:58:35+00:00,ESU1.CME@RITHMIC,4504.50,4506.00,4504.50,4505.75,-90,110
2026-05-03T20:58:40+00:00,ESU1.CME@RITHMIC,4506.00,4506.25,4505.75,4506.25,-96,198
2026-05-03T20:58:45+00:00,ESU1.CME@RITHMIC,4506.25,4506.25,4506.00,4506.25,1,5
2026-05-03T20:58:50+00:00,ESU1.CME@RITHMIC,4500.50,4506.25,4500.50,4506.25,-2,4
2026-05-03T20:58:55+00:00,ESU1.CME@RITHMIC,4506.00,4506.25,4506.00,4506.25,95,291
2026-05-03T20:59:00+00:00,ESU1.CME@RITHMIC,4506.25,4506.25,4506.25,4506.25,-1,1
2026-05-03T20:59:05+00:00,ESU1.CME@RITHMIC,4509.00,4509.00,4506.25,4506.25,-2,2
2026-05-03T20:59:10+00:00,ESU1.CME@RITHMIC,4506.25,4506.25,4506.00,4506.00,1,3
2026-05-03T20:59:15+00:00,ESU1.CME@RITHMIC,4506.25,4506.25,4506.25,4506.25,-4,4
2026-05-03T20:59:20+00:00,ESU1.CME@RITHMIC,4506.25,4506.25,4506.25,4506.25,-2,2
2026-05-03T20:59:25+00:00,ESU1.CME@RITHMIC,4506.25,4506.25,4506.25,4506.25,-1,1
2026-05-03T20:59:30+00:00,ESU1.CME@RITHMIC,4506.25,4506.25,4506.25,4506.25,-2,2
2026-05-03T20:59:35+00:00,ESU1.CME@RITHMIC,4506.25,4506.25,4506.00,4506.00,119,123
2026-05-03T20:59:40+00:00,ESU1.CME@RITHMIC,4506.25,4506.25,4505.75,4506.25,-93,323
2026-05-03T20:59:45+00:00,ESU1.CME@RITHMIC,4506.25,4506.25,4505.75,4505.75,75,79
2026-05-03T20:59:50+00:00,ESU1.CME@RITHMIC,4506.00,4506.00,4506.00,4506.00,-4,4
2026-05-03T20:59:55+00:00,ESU1.CME@RITHMIC,4506.00,4506.00,4505.50,4505.75,37,335
2026-05-03T21:00:00+00:00,ESU1.CME@RITHMIC,4505.75,4505.75,4505.50,4505.50,6,8
2026-05-03T21:00:05+00:00,ESU1.CME@RITHMIC,4505.75,4505.75,4505.50,4505.50,1,5
2026-05-03T21:00:10+00:00,ESU1.CME@RITHMIC,4507.75,4507.75,4505.25,4505.50,106,224
2026-05-03T21:00:15+00:00,ESU1.CME@RITHMIC,4505.25,4505.75,4505.25,4505.75,-19,129
2026-05-03T21:00:20+00:00,ESU1.CME@RITHMIC,4505.50,4505.75,4505.50,4505.50,14,16
2026-05-03T21:00:25+00:00,ESU1.CME@RITHMIC,4497.50,4505.50,4497.50,4505.50,17,29
2026-05-03T21:00:30+00:00,ESU1.CME@RITHMIC,4505.50,4505.50,4505.00,4505.00,320,438
2026-05-03T21:00:35+00:00,ESU1.CME@RITHMIC,4507.00,4507.00,4505.00,4505.25,-18,44
2026-05-03T21:00:40+00:00,ESU1.CME@RITHMIC,4505.00,4505.25,4505.00,4505.00,-5,19
2026-05-03T21:00:45+00:00,ESU1.CME@RITHMIC,4505.00,4505.25,4505.00,4505.25,-3,7
2026-05-03T21:00:50+00:00,ESU1.CME@RITHMIC,4504.00,4505.25,4504.00,4505.00,34,36
2026-05-03T21:00:55+00:00,ESU1.CME@RITHMIC,4504.75,4505.25,4504.75,4505.25,0,4
2026-05-03T21:01:00+00:00,ESU1.CME@RITHMIC,4505.25,4505.25,4505.00,4505.25,-24,26
2026-05-03T21:01:05+00:00,ESU1.CME@RITHMIC,4504.25,4505.25,4504.25,4505.25,82,90
2026-05-03T21:01:10+00:00,ESU1.CME@RITHMIC,4505.00,4505.25,4505.00,4505.00,17,19
2026-05-03T21:01:15+00:00,ESU1.CME@RITHMIC,4505.00,4505.25,4505.00,4505.25,-2,4
2026-05-03T21:01:20+00:00,ESU1.CME@RITHMIC,4505.00,4505.25,4505.00,4505.00,-10,16
2026-05-03T21:01:25+00:00,ESU1.CME@RITHMIC,4506.50,4506.50,4505.00,4505.25,3,5
2026-05-03T21:01:30+00:00,ESU1.CME@RITHMIC,4505.25,4505.25,4505.00,4505.25,0,12
2026-05-03T21:01:35+00:00,ESU1.CME@RITHMIC,4505.25,4505.50,4505.00,4505.50,261,793
2026-05-03T21:01:40+00:00,ESU1.CME@RITHMIC,4507.00,4507.00,4505.25,4505.25,-211,387
2026-05-03T21:01:45+00:00,ESU1.CME@RITHMIC,4505.50,4505.75,4505.25,4505.75,30,258
2026-05-03T21:01:50+00:00,ESU1.CME@RITHMIC,4509.75,4509.75,4505.50,4505.75,16,18
2026-05-03T21:01:55+00:00,ESU1.CME@RITHMIC,4505.75,4506.00,4505.75,4505.75,-149,201
2026-05-03T21:02:00+00:00,ESU1.CME@RITHMIC,4506.00,4506.00,4505.75,4506.00,-62,70
2026-05-03T21:02:05+00:00,ESU1.CME@RITHMIC,4506.00,4506.00,4506.00,4506.00,-13,13
2026-05-03T21:02:10+00:00,ESU1.CME@RITHMIC,4506.00,4506.00,4505.75,4506.00,2,6
2026-05-03T21:02:15+00:00,ESU1.CME@RITHMIC,4506.00,4506.00,4505.75,4506.00,-1,7
2026-05-03T21:02:20+00:00,ESU1.CME@RITHMIC,4506.00,4506.00,4505.75,4506.00,1,9
2026-05-03T21:02:25+00:00,ESU1.CME@RITHMIC,4506.75,4506.75,4505.75,4506.00,-38,40
2026-05-03T21:02:30+00:00,ESU1.CME@RITHMIC,4506.00,4506.00,4505.75,4506.00,52,64
2026-05-03T21:02:35+00:00,ESU1.CME@RITHMIC,4505.75,4506.00,4505.75,4505.75,-7,19
2026-05-03T21:02:40+00:00,ESU1.CME@RITHMIC,4513.50,4513.50,4506.00,4506.00,-5,5
2026-05-03T21:02:45+00:00,ESU1.CME@RITHMIC,4513.50,4513.50,4506.00,4506.00,21,277
2026-05-03T21:02:50+00:00,ESU1.CME@RITHMIC,4506.00,4506.00,4505.75,4506.00,62,88
2026-05-03T21:02:55+00:00,ESU1.CME@RITHMIC,4505.00,4506.00,4505.00,4506.00,-88,94
2026-05-03T21:03:00+00:00,ESU1.CME@RITHMIC,4506.00,4506.25,4505.75,4506.25,-54,202
2026-05-03T21:03:05+00:00,ESU1.CME@RITHMIC,4506.00,4506.25,4505.75,4505.75,166,226
2026-05-03T21:03:10+00:00,ESU1.CME@RITHMIC,4505.75,4506.00,4505.75,4506.00,1,191
2026-05-03T21:03:15+00:00,ESU1.CME@RITHMIC,4506.00,4506.25,4506.00,4506.25,26,362
2026-05-03T21:03:20+00:00,ESU1.CME@RITHMIC,4506.00,4506.25,4506.00,4506.00,60,204
2026-05-03T21:03:25+00:00,ESU1.CME@RITHMIC,4505.75,4506.00,4505.75,4506.00,4,56
2026-05-03T21:03:30+00:00,ESU1.CME@RITHMIC,4506.00,4506.00,4505.75,4506.00,-3,5
2026-05-03T21:03:35+00:00,ESU1.CME@RITHMIC,4506.00,4506.00,4505.75,4505.75,3,15
2026-05-03T21:03:40+00:00,ESU1.CME@RITHMIC,4505.00,4506.00,4505.00,4505.75,-7,9
2026-05-03T21:03:45+00:00,ESU1.CME@RITHMIC,4511.00,4511.00,4505.75,4505.75,173,235
2026-05-03T21:03:50+00:00,ESU1.CME@RITHMIC,4505.50,4505.75,4505.50,4505.75,-53,513
2026-05-03T21:03:55+00:00,ESU1.CME@RITHMIC,4505.75,4505.75,4505.75,4505.75,-1,1
2026-05-03T21:04:00+00:00,ESU1.CME@RITHMIC,4505.75,4505.75,4505.50,4505.50,229,235
2026-05-03T21:04:05+00:00,ESU1.CME@RITHMIC,4504.75,4505.50,4504.75,4505.50,1,7
2026-05-03T21:04:10+00:00,ESU1.CME@RITHMIC,4505.50,4505.50,4505.00,4505.25,-103,989
2026-05-03T21:04:15+00:00,ESU1.CME@RITHMIC,4505.00,4505.50,4505.00,4505.25,23,77
2026-05-03T21:04:20+00:00,ESU1.CME@RITHMIC,4505.25,4505.25,4505.25,4505.25,-15,163
2026-05-03T21:04:25+00:00,ESU1.CME@RITHMIC,4504.75,4505.50,4504.75,4505.25,-2,4
2026-05-03T21:04:30+00:00,ESU1.CME@RITHMIC,4506.75,4506.75,4505.25,4505.25,5,7
2026-05-03T21:04:35+00:00,ESU1.CME@RITHMIC,4506.25,4506.25,4505.50,4506.00,-292,306
2026-05-03T21:04:40+00:00,ESU1.CME@RITHMIC,4500.75,4506.00,4500.75,4505.75,113,523
2026-05-03T21:04:45+00:00,ESU1.CME@RITHMIC,4505.75,4505.75,4505.50,4505.50,-19,93
2026-05-03T21:04:50+00:00,ESU1.CME@RITHMIC,4505.50,4505.50,4505.00,4505.00,57,65
2026-05-03T21:04:55+00:00,ESU1.CME@RITHMIC,4496.00,4505.25,4496.00,4505.00,-9,129
2026-05-03T21:05:00+00:00,ESU1.CME@RITHMIC,4505.25,4505.50,4505.00,4505.50,-3,113
2026-05-03T21:05:05+00:00,ESU1.CME@RITHMIC,4488.75,4505.50,4488.75,4505.50,-36,36
2026-05-03T21:05:10+00:00,ESU1.CME@RITHMIC,4505.50,4505.50,4505.25,4505.25,-11,85
2026-05-03T21:05:15+00:00,ESU1.CME@RITHMIC,4505.25,4505.50,4505.25,4505.25,31,37
2026-05-03T21:05:20+00:00,ESU1.CME@RITHMIC,4505.25,4505.25,4505.00,4505.25,5,9
2026-05-03T21:05:25+00:00,ESU1.CME@RITHMIC,4509.25,4509.25,4505.00,4505.00,1,3
2026-05-03T21:05:30+00:00,ESU1.CME@RITHMIC,4505.25,4505.25,4505.00,4505.25,-3,5
2026-05-03T21:05:35+00:00,ESU1.CME@RITHMIC,4505.25,4505.50,4505.00,4505.25,39,343
2026-05-03T21:05:40+00:00,ESU1.CME@RITHMIC,4505.25,4505.25,4505.00,4505.25,11,41
2026-05-03T21:05:45+00:00,ESU1.CME@RITHMIC,4503.25,4505.25,4503.25,4505.25,-10,92
2026-05-03T21:05:50+00:00,ESU1.CME@RITHMIC,4499.75,4505.25,4499.75,4505.25,0,2
2026-05-03T21:05:55+00:00,ESU1.CME@RITHMIC,4505.00,4505.25,4505.00,4505.25,-2,6
2026-05-03T21:06:00+00:00,ESU1.CME@RITHMIC,4505.25,4505.25,4505.00,4505.25,1,3
2026-05-03T21:06:05+00:00,ESU1.CME@RITHMIC,4505.25,4505.25,4505.25,4505.25,-26,30
2026-05-03T21:06:10+00:00,ESU1.CME@RITHMIC,4505.25,4505.25,4505.00,4505.00,159,205
2026-05-03T21:06:15+00:00,ESU1.CME@RITHMIC,4503.25,4505.00,4503.25,4505.00,-8,8
2026-05-03T21:06:20+00:00,ESU1.CME@RITHMIC,4504.25,4505.00,4504.25,4505.00,29,45
2026-05-03T21:06:25+00:00,ESU1.CME@RITHMIC,4513.50,4513.50,4504.75,4504.75,-14,50
2026-05-03T21:06:30+00:00,ESU1.CME@RITHMIC,4505.00,4505.00,4504.75,4504.75,12,22
2026-05-03T21:06:35+00:00,ESU1.CME@RITHMIC,4504.75,4505.00,4504.75,4504.75,66,214
2026-05-03T21:06:40+00:00,ESU1.CME@RITHMIC,4504.75,4505.00,4504.75,4504.75,-95,241
2026-05-03T21:06:45+00:00,ESU1.CME@RITHMIC,4505.50,4505.50,4504.50,4504.75,-33,53
2026-05-03T21:06:50+00:00,ESU1.CME@RITHMIC,4504.50,4504.75,4504.50,4504.75,-75,81
2026-05-03T21:06:55+00:00,ESU1.CME@RITHMIC,4504.00,4505.00,4504.00,4505.00,-13,13
2026-05-03T21:07:00+00:00,ESU1.CME@RITHMIC,4505.25,4505.25,4505.00,4505.00,-43,131
2026-05-03T21:07:05+00:00,ESU1.CME@RITHMIC,4505.00,4505.25,4505.00,4505.00,-2,6
2026-05-03T21:07:10+00:00,ESU1.CME@RITHMIC,4505.00,4505.25,4505.00,4505.25,-1,3
2026-05-03T21:07:15+00:00,ESU1.CME@RITHMIC,4505.00,4505.25,4505.00,4505.00,10,122
2026-05-03T21:07:20+00:00,ESU1.CME@RITHMIC,4505.25,4505.50,4505.25,4505.50,-46,50
2026-05-03T21:07:25+00:00,ESU1.CME@RITHMIC,4505.00,4505.50,4505.00,4505.50,-42,186
2026-05-03T21:07:30+00:00,ESU1.CME@RITHMIC,4505.50,4505.50,4505.50,4505.50,61,133
2026-05-03T21:07:35+00:00,ESU1.CME@RITHMIC,4509.00,4509.00,4505.50,4505.75,-26,50
2026-05-03T21:07:40+00:00,ESU1.CME@RITHMIC,4505.50,4505.75,4505.50,4505.75,-54,58
2026-05-03T21:07:45+00:00,ESU1.CME@RITHMIC,4505.75,4505.75,4505.50,4505.50,2,4
2026-05-03T21:07:50+00:00,ESU1.CME@RITHMIC,4512.75,4512.75,4505.50,4505.50,51,211
2026-05-03T21:07:55+00:00,ESU1.CME@RITHMIC,4504.50,4505.50,4504.50,4505.50,11,13
2026-05-03T21:08:00+00:00,ESU1.CME@RITHMIC,4508.50,4508.50,4505.50,4505.50,-10,10
2026-05-03T21:08:05+00:00,ESU1.CME@RITHMIC,4505.50,4505.50,4505.50,4505.50,-4,4
2026-05-03T21:08:10+00:00,ESU1.CME@RITHMIC,4505.50,4505.50,4505.50,4505.50,-14,14
2026-05-03T21:08:15+00:00,ESU1.CME@RITHMIC,4505.50,4505.50,4505.25,4505.50,0,4
2026-05-03T21:08:20+00:00,ESU1.CME@RITHMIC,4505.75,4505.75,4505.25,4505.50,42,128
2026-05-03T21:08:25+00:00,ESU1.CME@RITHMIC,4505.25,4505.50,4505.25,4505.50,-10,12
2026-05-03T21:08:30+00:00,ESU1.CME@RITHMIC,4505.50,4505.50,4505.50,4505.50,-11,11
2026-05-03T21:08:35+00:00,ESU1.CME@RITHMIC,4504.50,4505.50,4504.50,4505.50,-7,7
2026-05-03T21:08:40+00:00,ESU1.CME@RITHMIC,4505.50,4505.75,4505.50,4505.75,-71,81
2026-05-03T21:08:45+00:00,ESU1.CME@RITHMIC,4505.75,4505.75,4505.75,4505.75,-4,4
2026-05-03T20:48:35+00:00,GCZ1.COMEX@RITHMIC,1843.20,1843.20,1820.90,1820.90,-3,7
2026-05-03T20:48:40+00:00,GCZ1.COMEX@RITHMIC,1820.90,1820.90,1820.90,1820.90,-1,1
2026-05-03T20:48:45+00:00,GCZ1.COMEX@RITHMIC,1822.60,1822.60,1821.00,1821.00,-1,1
2026-05-03T20:48:50+00:00,GCZ1.COMEX@RITHMIC,1830.00,1830.00,1821.00,1821.10,-3,3
2026-05-03T20:48:55+00:00,GCZ1.COMEX@RITHMIC,1821.00,1821.10,1821.00,1821.00,1,11
2026-05-03T20:49:00+00:00,GCZ1.COMEX@RITHMIC,1821.10,1821.10,1821.10,1821.10,-9,15
2026-05-03T20:49:05+00:00,GCZ1.COMEX@RITHMIC,1821.10,1821.10,1821.00,1821.10,1,11
2026-05-03T20:49:10+00:00,GCZ1.COMEX@RITHMIC,1820.80,1820.80,1820.80,1820.80,0,0
2026-05-03T20:49:15+00:00,GCZ1.COMEX@RITHMIC,1821.40,1821.40,1821.40,1821.40,0,0
2026-05-03T20:49:20+00:00,GCZ1.COMEX@RITHMIC,1820.90,1821.10,1820.90,1821.10,-5,9
2026-05-03T20:49:25+00:00,GCZ1.COMEX@RITHMIC,1821.20,1821.20,1821.10,1821.10,1,1
2026-05-03T20:49:30+00:00,GCZ1.COMEX@RITHMIC,1821.20,1821.20,1821.10,1821.10,-1,3
2026-05-03T20:49:35+00:00,GCZ1.COMEX@RITHMIC,1821.60,1821.60,1821.00,1821.10,15,27
2026-05-03T20:49:40+00:00,GCZ1.COMEX@RITHMIC,1821.20,1821.20,1821.00,1821.00,5,7
2026-05-03T20:49:45+00:00,GCZ1.COMEX@RITHMIC,1821.00,1821.00,1821.00,1821.00,6,6
2026-05-03T20:49:50+00:00,GCZ1.COMEX@RITHMIC,1821.20,1821.20,1820.90,1821.00,-3,5
2026-05-03T20:49:55+00:00,GCZ1.COMEX@RITHMIC,1820.60,1820.60,1820.60,1820.60,0,0
2026-05-03T20:50:00+00:00,GCZ1.COMEX@RITHMIC,1821.00,1821.00,1821.00,1821.00,0,0
2026-05-03T20:50:05+00:00,GCZ1.COMEX@RITHMIC,1821.10,1821.10,1821.00,1821.00,0,6
2026-05-03T20:50:10+00:00,GCZ1.COMEX@RITHMIC,1821.40,1821.40,1820.90,1820.90,9,11
2026-05-03T20:50:15+00:00,GCZ1.COMEX@RITHMIC,1820.10,1820.90,1820.10,1820.90,-2,2
2026-05-03T20:50:20+00:00,GCZ1.COMEX@RITHMIC,1820.80,1820.90,1820.80,1820.90,0,12
2026-05-03T20:50:25+00:00,GCZ1.COMEX@RITHMIC,1825.00,1825.00,1820.80,1820.90,-2,4
2026-05-03T20:50:30+00:00,GCZ1.COMEX@RITHMIC,1819.00,1819.00,1819.00,1819.00,0,0
2026-05-03T20:50:35+00:00,GCZ1.COMEX@RITHMIC,1819.10,1819.10,1819.10,1819.10,0,0
2026-05-03T20:50:40+00:00,GCZ1.COMEX@RITHMIC,1820.90,1820.90,1820.80,1820.80,3,3
2026-05-03T20:50:45+00:00,GCZ1.COMEX@RITHMIC,1820.70,1820.70,1820.70,1820.70,0,0
2026-05-03T20:50:50+00:00,GCZ1.COMEX@RITHMIC,1820.80,1820.80,1820.80,1820.80,0,0
2026-05-03T20:50:55+00:00,GCZ1.COMEX@RITHMIC,1820.70,1820.70,1820.60,1820.60,1,25
2026-05-03T20:51:00+00:00,GCZ1.COMEX@RITHMIC,1819.90,1820.70,1819.90,1820.60,7,15
2026-05-03T20:51:05+00:00,GCZ1.COMEX@RITHMIC,1820.50,1820.60,1820.50,1820.60,-5,19
2026-05-03T20:51:10+00:00,GCZ1.COMEX@RITHMIC,1823.00,1823.00,1820.60,1820.60,-1,1
2026-05-03T20:51:15+00:00,GCZ1.COMEX@RITHMIC,1818.00,1820.70,1818.00,1820.60,-3,5
2026-05-03T20:51:20+00:00,GCZ1.COMEX@RITHMIC,1820.50,1820.50,1820.50,1820.50,1,1
2026-05-03T20:51:25+00:00,GCZ1.COMEX@RITHMIC,1833.20,1833.20,1820.60,1820.60,4,4
2026-05-03T20:51:30+00:00,GCZ1.COMEX@RITHMIC,1820.60,1820.60,1820.60,1820.60,1,1
2026-05-03T20:51:35+00:00,GCZ1.COMEX@RITHMIC,1820.70,1820.70,1820.60,1820.60,-2,8
2026-05-03T20:51:40+00:00,GCZ1.COMEX@RITHMIC,1823.00,1823.00,1820.60,1820.60,1,1
2026-05-03T20:51:45+00:00,GCZ1.COMEX@RITHMIC,1820.60,1820.80,1820.60,1820.80,-8,8
2026-05-03T20:51:50+00:00,GCZ1.COMEX@RITHMIC,1820.50,1821.20,1820.50,1820.90,-37,59
2026-05-03T20:51:55+00:00,GCZ1.COMEX@RITHMIC,1821.00,1821.00,1821.00,1821.00,-3,5
2026-05-03T20:52:00+00:00,GCZ1.COMEX@RITHMIC,1820.90,1820.90,1820.90,1820.90,1,1
2026-05-03T20:52:05+00:00,GCZ1.COMEX@RITHMIC,1821.00,1821.00,1821.00,1821.00,1,3
2026-05-03T20:52:10+00:00,GCZ1.COMEX@RITHMIC,1820.60,1821.10,1820.60,1821.10,0,2
2026-05-03T20:52:15+00:00,GCZ1.COMEX@RITHMIC,1821.70,1821.70,1821.20,1821.20,-1,1
2026-05-03T20:52:20+00:00,GCZ1.COMEX@RITHMIC,1820.60,1821.30,1820.60,1821.30,-2,2
2026-05-03T20:52:25+00:00,GCZ1.COMEX@RITHMIC,1821.30,1821.30,1821.20,1821.30,-1,9
2026-05-03T20:52:30+00:00,GCZ1.COMEX@RITHMIC,1821.10,1821.30,1821.10,1821.30,-3,11
2026-05-03T20:52:35+00:00,GCZ1.COMEX@RITHMIC,1821.30,1821.30,1821.30,1821.30,0,0
2026-05-03T20:52:40+00:00,GCZ1.COMEX@RITHMIC,1821.30,1821.30,1821.00,1821.10,34,40
2026-05-03T20:52:45+00:00,GCZ1.COMEX@RITHMIC,1821.10,1821.10,1821.00,1821.00,3,3
2026-05-03T20:52:50+00:00,GCZ1.COMEX@RITHMIC,1821.10,1821.20,1821.10,1821.20,-8,12
2026-05-03T20:52:55+00:00,GCZ1.COMEX@RITHMIC,1820.80,1821.20,1820.80,1821.20,-2,4
2026-05-03T20:53:00+00:00,GCZ1.COMEX@RITHMIC,1821.20,1821.30,1821.20,1821.20,-1,7
2026-05-03T20:53:05+00:00,GCZ1.COMEX@RITHMIC,1820.80,1821.20,1820.80,1821.20,14,14
2026-05-03T20:53:10+00:00,GCZ1.COMEX@RITHMIC,1821.10,1821.10,1821.00,1821.00,8,8
2026-05-03T20:53:15+00:00,GCZ1.COMEX@RITHMIC,1820.40,1820.40,1820.40,1820.40,0,0
2026-05-03T20:53:20+00:00,GCZ1.COMEX@RITHMIC,1821.60,1821.60,1821.60,1821.60,0,0
2026-05-03T20:53:25+00:00,GCZ1.COMEX@RITHMIC,1820.70,1820.70,1820.70,1820.70,0,0
2026-05-03T20:53:30+00:00,GCZ1.COMEX@RITHMIC,1821.10,1821.10,1821.00,1821.10,1,5
2026-05-03T20:53:35+00:00,GCZ1.COMEX@RITHMIC,1821.20,1821.20,1821.20,1821.20,0,0
2026-05-03T20:53:40+00:00,GCZ1.COMEX@RITHMIC,1821.10,1821.10,1821.10,1821.10,0,0
2026-05-03T20:53:45+00:00,GCZ1.COMEX@RITHMIC,1821.10,1821.10,1821.00,1821.10,4,4
2026-05-03T20:53:50+00:00,GCZ1.COMEX@RITHMIC,1821.30,1821.30,1821.30,1821.30,0,0
2026-05-03T20:53:55+00:00,GCZ1.COMEX@RITHMIC,1821.40,1821.40,1821.20,1821.20,-1,1
2026-05-03T20:54:00+00:00,GCZ1.COMEX@RITHMIC,1821.20,1821.20,1821.10,1821.10,2,8
2026-05-03T20:54:05+00:00,GCZ1.COMEX@RITHMIC,1821.10,1821.10,1821.10,1821.10,4,6
2026-05-03T20:54:10+00:00,GCZ1.COMEX@RITHMIC,1821.30,1821.30,1821.10,1821.10,-2,2
2026-05-03T20:54:15+00:00,GCZ1.COMEX@RITHMIC,1820.90,1820.90,1820.90,1820.90,0,0
2026-05-03T20:54:20+00:00,GCZ1.COMEX@RITHMIC,1821.20,1821.20,1821.10,1821.20,-2,6
2026-05-03T20:54:25+00:00,GCZ1.COMEX@RITHMIC,1820.90,1820.90,1820.90,1820.90,0,0
2026-05-03T20:54:30+00:00,GCZ1.COMEX@RITHMIC,1821.10,1821.20,1821.10,1821.20,0,2
2026-05-03T20:54:35+00:00,GCZ1.COMEX@RITHMIC,1821.20,1821.20,1821.10,1821.10,1,1
2026-05-03T20:54:40+00:00,GCZ1.COMEX@RITHMIC,1822.80,1822.80,1821.10,1821.10,-1,5
2026-05-03T20:54:45+00:00,GCZ1.COMEX@RITHMIC,1821.10,1821.10,1821.10,1821.10,-1,1
2026-05-03T20:54:50+00:00,GCZ1.COMEX@RITHMIC,1811.00,1811.00,1811.00,1811.00,0,0
2026-05-03T20:54:55+00:00,GCZ1.COMEX@RITHMIC,1821.20,1821.20,1821.00,1821.10,0,10
2026-05-03T20:55:00+00:00,GCZ1.COMEX@RITHMIC,1819.00,1821.10,1819.00,1821.10,2,4
2026-05-03T20:55:05+00:00,GCZ1.COMEX@RITHMIC,1818.10,1821.10,1818.10,1821.10,-1,1
2026-05-03T20:55:10+00:00,GCZ1.COMEX@RITHMIC,1821.10,1821.10,1821.10,1821.10,1,3
2026-05-03T20:55:15+00:00,GCZ1.COMEX@RITHMIC,1821.10,1821.10,1821.10,1821.10,0,0
2026-05-03T20:55:20+00:00,GCZ1.COMEX@RITHMIC,1821.20,1821.20,1821.10,1821.10,1,1
2026-05-03T20:55:25+00:00,GCZ1.COMEX@RITHMIC,1820.90,1821.20,1820.90,1821.20,-1,1
2026-05-03T20:55:30+00:00,GCZ1.COMEX@RITHMIC,1821.20,1821.20,1821.20,1821.20,-1,1
2026-05-03T20:55:35+00:00,GCZ1.COMEX@RITHMIC,1821.10,1821.10,1821.10,1821.10,0,0
2026-05-03T20:55:40+00:00,GCZ1.COMEX@RITHMIC,1821.20,1821.20,1821.20,1821.20,0,0
2026-05-03T20:55:45+00:00,GCZ1.COMEX@RITHMIC,1820.60,1820.60,1820.60,1820.60,0,0
2026-05-03T20:55:50+00:00,GCZ1.COMEX@RITHMIC,1826.00,1826.00,1826.00,1826.00,0,0
2026-05-03T20:55:55+00:00,GCZ1.COMEX@RITHMIC,1821.10,1821.10,1821.10,1821.10,1,1
2026-05-03T20:56:00+00:00,GCZ1.COMEX@RITHMIC,1821.20,1821.20,1821.00,1821.00,3,17
2026-05-03T20:56:05+00:00,GCZ1.COMEX@RITHMIC,1821.00,1821.00,1821.00,1821.00,2,2
2026-05-03T20:56:10+00:00,GCZ1.COMEX@RITHMIC,1821.10,1821.10,1821.00,1821.10,-1,3
2026-05-03T20:56:15+00:00,GCZ1.COMEX@RITHMIC,1825.00,1825.00,1825.00,1825.00,0,0
2026-05-03T20:56:20+00:00,GCZ1.COMEX@RITHMIC,1821.00,1821.00,1821.00,1821.00,0,0
2026-05-03T20:56:25+00:00,GCZ1.COMEX@RITHMIC,1821.10,1821.10,1821.10,1821.10,-1,1
2026-05-03T20:56:30+00:00,GCZ1.COMEX@RITHMIC,1821.00,1821.00,1821.00,1821.00,0,0
2026-05-03T20:56:35+00:00,GCZ1.COMEX@RITHMIC,1821.50,1821.50,1821.50,1821.50,0,0
2026-05-03T20:56:40+00:00,GCZ1.COMEX@RITHMIC,1821.50,1821.50,1821.50,1821.50,0,0
2026-05-03T20:56:45+00:00,GCZ1.COMEX@RITHMIC,1821.00,1821.00,1821.00,1821.00,1,1
2026-05-03T20:56:50+00:00,GCZ1.COMEX@RITHMIC,1821.10,1821.10,1821.10,1821.10,0,0
2026-05-03T20:56:55+00:00,GCZ1.COMEX@RITHMIC,1821.00,1821.00,1820.90,1820.90,6,6
2026-05-03T20:57:00+00:00,GCZ1.COMEX@RITHMIC,1821.40,1821.40,1821.40,1821.40,0,0
2026-05-03T20:57:05+00:00,GCZ1.COMEX@RITHMIC,1820.90,1820.90,1820.90,1820.90,0,0
2026-05-03T20:57:10+00:00,GCZ1.COMEX@RITHMIC,1821.00,1821.00,1821.00,1821.00,-5,5
2026-05-03T20:57:15+00:00,GCZ1.COMEX@RITHMIC,1820.80,1821.10,1820.80,1821.10,-4,6
2026-05-03T20:57:20+00:00,GCZ1.COMEX@RITHMIC,1820.60,1821.00,1820.60,1821.00,1,1
2026-05-03T20:57:25+00:00,GCZ1.COMEX@RITHMIC,1821.30,1821.30,1821.00,1821.00,-2,10
2026-05-03T20:57:30+00:00,GCZ1.COMEX@RITHMIC,1821.00,1821.00,1821.00,1821.00,0,0
2026-05-03T20:57:35+00:00,GCZ1.COMEX@RITHMIC,1820.90,1820.90,1820.90,1820.90,3,3
2026-05-03T20:57:40+00:00,GCZ1.COMEX@RITHMIC,1821.00,1821.00,1821.00,1821.00,0,0
2026-05-03T20:57:45+00:00,GCZ1.COMEX@RITHMIC,1821.40,1821.40,1820.90,1820.90,1,1
2026-05-03T20:57:50+00:00,GCZ1.COMEX@RITHMIC,1817.10,1817.10,1817.10,1817.10,0,0
2026-05-03T20:57:55+00:00,GCZ1.COMEX@RITHMIC,1820.90,1820.90,1820.90,1820.90,0,0
2026-05-03T20:58:00+00:00,GCZ1.COMEX@RITHMIC,1820.70,1820.70,1820.70,1820.70,0,0
2026-05-03T20:58:05+00:00,GCZ1.COMEX@RITHMIC,1821.10,1821.10,1821.10,1821.10,-1,1
2026-05-03T20:58:10+00:00,GCZ1.COMEX@RITHMIC,1821.10,1821.10,1821.10,1821.10,-9,13
2026-05-03T20:58:15+00:00,GCZ1.COMEX@RITHMIC,1800.70,1821.20,1800.70,1821.20,-7,7
2026-05-03T20:58:20+00:00,GCZ1.COMEX@RITHMIC,1821.10,1821.10,1820.70,1820.70,37,61
2026-05-03T20:58:25+00:00,GCZ1.COMEX@RITHMIC,1821.30,1821.30,1820.80,1820.80,-1,1
2026-05-03T20:58:30+00:00,GCZ1.COMEX@RITHMIC,1821.00,1821.00,1820.70,1820.70,2,2
2026-05-03T20:58:35+00:00,GCZ1.COMEX@RITHMIC,1819.90,1820.70,1819.90,1820.60,2,8
2026-05-03T20:58:40+00:00,GCZ1.COMEX@RITHMIC,1821.20,1821.20,1820.60,1820.60,-2,4
2026-05-03T20:58:45+00:00,GCZ1.COMEX@RITHMIC,1820.50,1820.70,1820.50,1820.60,-7,17
2026-05-03T20:58:50+00:00,GCZ1.COMEX@RITHMIC,1820.50,1820.50,1820.50,1820.50,0,0
2026-05-03T20:58:55+00:00,GCZ1.COMEX@RITHMIC,1820.80,1820.80,1820.80,1820.80,0,0
2026-05-03T20:59:00+00:00,GCZ1.COMEX@RITHMIC,1820.70,1820.70,1820.60,1820.70,-1,7
2026-05-03T20:59:05+00:00,GCZ1.COMEX@RITHMIC,1820.70,1820.70,1820.70,1820.70,0,0
2026-05-03T20:59:10+00:00,GCZ1.COMEX@RITHMIC,1820.70,1820.70,1820.70,1820.70,-1,1
2026-05-03T20:59:15+00:00,GCZ1.COMEX@RITHMIC,1820.50,1820.70,1820.50,1820.70,-1,1
2026-05-03T20:59:20+00:00,GCZ1.COMEX@RITHMIC,1821.00,1821.00,1821.00,1821.00,0,0
2026-05-03T20:59:25+00:00,GCZ1.COMEX@RITHMIC,1820.60,1820.60,1820.40,1820.40,15,17
2026-05-03T20:59:30+00:00,GCZ1.COMEX@RITHMIC,1820.00,1820.40,1820.00,1820.40,0,22
2026-05-03T20:59:35+00:00,GCZ1.COMEX@RITHMIC,1820.20,1820.60,1820.20,1820.60,0,14
2026-05-03T20:59:40+00:00,GCZ1.COMEX@RITHMIC,1820.40,1820.40,1820.40,1820.40,0,0
2026-05-03T20:59:45+00:00,GCZ1.COMEX@RITHMIC,1820.60,1820.70,1820.60,1820.60,-1,5
2026-05-03T20:59:50+00:00,GCZ1.COMEX@RITHMIC,1820.90,1820.90,1820.70,1820.70,-2,2
2026-05-03T20:59:55+00:00,GCZ1.COMEX@RITHMIC,1820.90,1820.90,1820.60,1820.60,2,6
2026-05-03T21:00:00+00:00,GCZ1.COMEX@RITHMIC,1820.80,1820.80,1820.80,1820.80,0,0
2026-05-03T21:00:05+00:00,GCZ1.COMEX@RITHMIC,1827.30,1827.30,1827.30,1827.30,0,0
2026-05-03T21:00:10+00:00,GCZ1.COMEX@RITHMIC,1820.80,1820.80,1820.70,1820.70,1,1
2026-05-03T21:00:15+00:00,GCZ1.COMEX@RITHMIC,1820.70,1820.70,1820.70,1820.70,0,0
2026-05-03T21:00:20+00:00,GCZ1.COMEX@RITHMIC,1821.00,1821.00,1821.00,1821.00,0,0
2026-05-03T21:00:25+00:00,GCZ1.COMEX@RITHMIC,1820.40,1820.40,1820.40,1820.40,0,0
2026-05-03T21:00:30+00:00,GCZ1.COMEX@RITHMIC,1820.70,1820.70,1820.70,1820.70,-2,6
2026-05-03T21:00:35+00:00,GCZ1.COMEX@RITHMIC,1820.40,1820.80,1820.40,1820.80,-1,13
2026-05-03T21:00:40+00:00,GCZ1.COMEX@RITHMIC,1821.10,1821.10,1820.80,1820.80,-1,1
2026-05-03T21:00:45+00:00,GCZ1.COMEX@RITHMIC,1820.80,1820.80,1820.80,1820.80,0,0
2026-05-03T21:00:50+00:00,GCZ1.COMEX@RITHMIC,1820.80,1820.80,1820.80,1820.80,1,1
2026-05-03T21:00:55+00:00,GCZ1.COMEX@RITHMIC,1820.70,1820.70,1820.70,1820.70,0,0
2026-05-03T21:01:00+00:00,GCZ1.COMEX@RITHMIC,1841.00,1841.00,1841.00,1841.00,0,0
2026-05-03T21:01:05+00:00,GCZ1.COMEX@RITHMIC,1821.50,1821.50,1821.50,1821.50,0,0
2026-05-03T21:01:10+00:00,GCZ1.COMEX@RITHMIC,1820.80,1820.90,1820.80,1820.90,-4,4
2026-05-03T21:01:15+00:00,GCZ1.COMEX@RITHMIC,1821.10,1821.10,1821.10,1821.10,0,0
2026-05-03T21:01:20+00:00,GCZ1.COMEX@RITHMIC,1820.80,1820.90,1820.80,1820.90,3,3
2026-05-03T21:01:25+00:00,GCZ1.COMEX@RITHMIC,1821.20,1821.20,1820.90,1821.00,0,2
2026-05-03T21:01:30+00:00,GCZ1.COMEX@RITHMIC,1820.90,1820.90,1820.90,1820.90,1,1
2026-05-03T21:01:35+00:00,GCZ1.COMEX@RITHMIC,1821.00,1821.00,1821.00,1821.00,0,0
2026-05-03T21:01:40+00:00,GCZ1.COMEX@RITHMIC,1821.00,1821.00,1820.90,1820.90,5,13
2026-05-03T21:01:45+00:00,GCZ1.COMEX@RITHMIC,1803.10,1821.10,1803.10,1821.10,-73,73
2026-05-03T21:01:50+00:00,GCZ1.COMEX@RITHMIC,1821.10,1821.10,1821.10,1821.10,0,0
2026-05-03T21:01:55+00:00,GCZ1.COMEX@RITHMIC,1820.40,1821.00,1820.40,1821.00,1,5
2026-05-03T21:02:00+00:00,GCZ1.COMEX@RITHMIC,1821.00,1821.00,1821.00,1821.00,0,0
2026-05-03T21:02:05+00:00,GCZ1.COMEX@RITHMIC,1821.10,1821.10,1821.10,1821.10,1,3
2026-05-03T21:02:10+00:00,GCZ1.COMEX@RITHMIC,1821.20,1821.20,1821.20,1821.20,0,0
2026-05-03T21:02:20+00:00,GCZ1.COMEX@RITHMIC,1821.10,1821.10,1821.10,1821.10,0,0
2026-05-03T21:02:25+00:00,GCZ1.COMEX@RITHMIC,1821.70,1821.70,1821.10,1821.10,0,14
2026-05-03T21:02:30+00:00,GCZ1.COMEX@RITHMIC,1821.40,1821.40,1821.10,1821.10,-10,16
2026-05-03T21:02:35+00:00,GCZ1.COMEX@RITHMIC,1820.30,1821.10,1820.30,1821.10,3,11
2026-05-03T21:02:40+00:00,GCZ1.COMEX@RITHMIC,1821.10,1821.10,1820.90,1820.90,13,21
2026-05-03T21:02:45+00:00,GCZ1.COMEX@RITHMIC,1821.20,1821.20,1821.00,1821.00,-5,5
2026-05-03T21:02:50+00:00,GCZ1.COMEX@RITHMIC,1821.30,1821.30,1821.30,1821.30,0,0
2026-05-03T21:02:55+00:00,GCZ1.COMEX@RITHMIC,1821.20,1821.20,1821.20,1821.20,0,0
2026-05-03T21:03:00+00:00,GCZ1.COMEX@RITHMIC,1821.00,1821.00,1820.90,1820.90,7,7
2026-05-03T21:03:05+00:00,GCZ1.COMEX@RITHMIC,1823.00,1823.00,1820.80,1820.80,6,6
2026-05-03T21:03:10+00:00,GCZ1.COMEX@RITHMIC,1820.80,1820.90,1820.80,1820.90,-8,10
2026-05-03T21:03:15+00:00,GCZ1.COMEX@RITHMIC,1820.70,1820.70,1820.70,1820.70,0,0
2026-05-03T21:03:20+00:00,GCZ1.COMEX@RITHMIC,1820.00,1820.00,1820.00,1820.00,0,0
2026-05-03T21:03:25+00:00,GCZ1.COMEX@RITHMIC,1820.40,1820.90,1820.40,1820.90,-1,1
2026-05-03T21:03:30+00:00,GCZ1.COMEX@RITHMIC,1820.80,1820.90,1820.80,1820.90,-1,3
2026-05-03T21:03:35+00:00,GCZ1.COMEX@RITHMIC,1820.70,1821.00,1820.70,1820.90,1,3
2026-05-03T21:03:40+00:00,GCZ1.COMEX@RITHMIC,1820.90,1820.90,1820.90,1820.90,0,0
2026-05-03T21:03:45+00:00,GCZ1.COMEX@RITHMIC,1820.40,1820.80,1820.40,1820.70,18,18
2026-05-03T21:03:50+00:00,GCZ1.COMEX@RITHMIC,1820.80,1820.80,1820.70,1820.70,-1,1
2026-05-03T21:03:55+00:00,GCZ1.COMEX@RITHMIC,1817.20,1817.20,1817.20,1817.20,0,0
2026-05-03T21:04:00+00:00,GCZ1.COMEX@RITHMIC,1820.60,1820.60,1820.50,1820.50,4,12
2026-05-03T21:04:05+00:00,GCZ1.COMEX@RITHMIC,1819.80,1820.40,1819.80,1820.40,-1,9
2026-05-03T21:04:10+00:00,GCZ1.COMEX@RITHMIC,1819.70,1820.50,1819.70,1820.50,-1,1
2026-05-03T21:04:15+00:00,GCZ1.COMEX@RITHMIC,1812.40,1812.40,1812.40,1812.40,0,0
2026-05-03T21:04:20+00:00,GCZ1.COMEX@RITHMIC,1820.40,1820.50,1820.30,1820.40,4,18
2026-05-03T21:04:25+00:00,GCZ1.COMEX@RITHMIC,1820.30,1820.40,1820.30,1820.40,-3,5
2026-05-03T21:04:30+00:00,GCZ1.COMEX@RITHMIC,1820.40,1820.40,1820.40,1820.40,0,0
2026-05-03T21:04:35+00:00,GCZ1.COMEX@RITHMIC,1820.40,1820.60,1820.40,1820.60,-4,4
2026-05-03T21:04:40+00:00,GCZ1.COMEX@RITHMIC,1820.10,1820.10,1820.10,1820.10,0,0
2026-05-03T21:04:45+00:00,GCZ1.COMEX@RITHMIC,1820.20,1820.20,1820.20,1820.20,0,0
2026-05-03T21:04:50+00:00,GCZ1.COMEX@RITHMIC,1820.50,1820.50,1820.50,1820.50,0,0
2026-05-03T21:04:55+00:00,GCZ1.COMEX@RITHMIC,1820.30,1820.50,1820.30,1820.40,4,4
2026-05-03T21:05:00+00:00,GCZ1.COMEX@RITHMIC,1818.00,1818.00,1818.00,1818.00,0,0
2026-05-03T21:05:05+00:00,GCZ1.COMEX@RITHMIC,1820.40,1820.40,1820.30,1820.30,6,6
2026-05-03T21:05:10+00:00,GCZ1.COMEX@RITHMIC,1820.40,1820.40,1820.20,1820.30,10,20
2026-05-03T21:05:15+00:00,GCZ1.COMEX@RITHMIC,1820.20,1820.20,1820.10,1820.20,7,21
2026-05-03T21:05:20+00:00,GCZ1.COMEX@RITHMIC,1820.50,1820.50,1820.10,1820.10,1,1
2026-05-03T21:05:25+00:00,GCZ1.COMEX@RITHMIC,1820.70,1820.70,1820.10,1820.10,2,2
2026-05-03T21:05:30+00:00,GCZ1.COMEX@RITHMIC,1820.10,1820.10,1820.00,1820.00,7,7
2026-05-03T21:05:35+00:00,GCZ1.COMEX@RITHMIC,1819.60,1820.10,1819.60,1820.10,-5,7
2026-05-03T21:05:40+00:00,GCZ1.COMEX@RITHMIC,1820.20,1820.20,1820.10,1820.10,1,1
2026-05-03T21:05:45+00:00,GCZ1.COMEX@RITHMIC,1820.00,1820.20,1820.00,1820.20,-1,1
2026-05-03T21:05:50+00:00,GCZ1.COMEX@RITHMIC,1820.10,1820.10,1820.10,1820.10,1,1
2026-05-03T21:05:55+00:00,GCZ1.COMEX@RITHMIC,1810.60,1810.60,1810.60,1810.60,0,0
2026-05-03T21:06:00+00:00,GCZ1.COMEX@RITHMIC,1820.40,1820.40,1820.40,1820.40,0,0
2026-05-03T21:06:05+00:00,GCZ1.COMEX@RITHMIC,1820.10,1820.10,1820.10,1820.10,1,1
2026-05-03T21:06:10+00:00,GCZ1.COMEX@RITHMIC,1820.40,1820.40,1820.40,1820.40,0,0
2026-05-03T21:06:15+00:00,GCZ1.COMEX@RITHMIC,1821.20,1821.20,1821.20,1821.20,0,0
2026-05-03T21:06:20+00:00,GCZ1.COMEX@RITHMIC,1815.40,1820.10,1815.40,1820.10,1,1
2026-05-03T21:06:25+00:00,GCZ1.COMEX@RITHMIC,1820.20,1820.20,1820.10,1820.10,-1,1
2026-05-03T21:06:30+00:00,GCZ1.COMEX@RITHMIC,1820.00,1820.00,1820.00,1820.00,0,0
2026-05-03T21:06:35+00:00,GCZ1.COMEX@RITHMIC,1810.00,1820.20,1810.00,1820.20,-7,9
2026-05-03T21:06:40+00:00,GCZ1.COMEX@RITHMIC,1820.00,1820.00,1820.00,1820.00,0,0
2026-05-03T21:06:45+00:00,GCZ1.COMEX@RITHMIC,1820.00,1820.20,1820.00,1820.20,3,3
2026-05-03T21:06:50+00:00,GCZ1.COMEX@RITHMIC,1820.20,1820.20,1820.20,1820.20,-3,3
2026-05-03T21:06:55+00:00,GCZ1.COMEX@RITHMIC,1820.10,1820.10,1820.10,1820.10,0,0
2026-05-03T21:07:00+00:00,GCZ1.COMEX@RITHMIC,1820.20,1820.30,1820.20,1820.30,-4,6
2026-05-03T21:07:05+00:00,GCZ1.COMEX@RITHMIC,1820.00,1820.40,1820.00,1820.40,-2,2
2026-05-03T21:07:10+00:00,GCZ1.COMEX@RITHMIC,1798.00,1820.40,1798.00,1820.30,-6,6
2026-05-03T21:07:15+00:00,GCZ1.COMEX@RITHMIC,1820.30,1820.30,1820.30,1820.30,0,0
2026-05-03T21:07:20+00:00,GCZ1.COMEX@RITHMIC,1820.20,1820.20,1820.20,1820.20,2,2
2026-05-03T21:07:25+00:00,GCZ1.COMEX@RITHMIC,1820.30,1820.30,1820.30,1820.30,-1,1
2026-05-03T21:07:30+00:00,GCZ1.COMEX@RITHMIC,1820.20,1820.30,1820.20,1820.30,1,1
2026-05-03T21:07:35+00:00,GCZ1.COMEX@RITHMIC,1820.20,1820.50,1820.20,1820.50,-3,7
2026-05-03T21:07:40+00:00,GCZ1.COMEX@RITHMIC,1820.60,1820.60,1820.60,1820.60,0,0
2026-05-03T21:07:45+00:00,GCZ1.COMEX@RITHMIC,1786.00,1820.50,1786.00,1820.50,-1,1
2026-05-03T21:07:50+00:00,GCZ1.COMEX@RITHMIC,1784.00,1820.60,1784.00,1820.60,-4,4
2026-05-03T21:07:55+00:00,GCZ1.COMEX@RITHMIC,1820.40,1820.80,1820.40,1820.80,-7,7
2026-05-03T21:08:00+00:00,GCZ1.COMEX@RITHMIC,1818.20,1820.90,1818.20,1820.80,7,9
2026-05-03T21:08:05+00:00,GCZ1.COMEX@RITHMIC,1778.00,1820.80,1778.00,1820.80,1,1
2026-05-03T21:08:10+00:00,GCZ1.COMEX@RITHMIC,1820.80,1820.80,1820.80,1820.80,3,3
2026-05-03T21:08:15+00:00,GCZ1.COMEX@RITHMIC,1820.90,1820.90,1820.90,1820.90,0,0
2026-05-03T21:08:20+00:00,GCZ1.COMEX@RITHMIC,1820.80,1820.80,1820.80,1820.80,0,0
2026-05-03T21:08:25+00:00,GCZ1.COMEX@RITHMIC,1820.40,1820.40,1820.40,1820.40,0,0
2026-05-03T21:08:30+00:00,GCZ1.COMEX@RITHMIC,1822.20,1822.20,1820.80,1820.80,5,7
2026-05-03T21:08:35+00:00,GCZ1.COMEX@RITHMIC,1820.80,1820.90,1820.80,1820.90,-2,2
2026-05-03T21:08:40+00:00,GCZ1.COMEX@RITHMIC,1820.90,1821.00,1820.90,1820.90,1,7
2026-05-03T21:08:45+00:00,GCZ1.COMEX@RITHMIC,1821.00,1821.00,1820.90,1820.90,1,5
