alert_id,symbol,side,alert_timestamp_utc,alert_timestamp_et,entry_timestamp_utc,entry_timestamp_et,entry_price,stop,target1,target2,exit_timestamp_utc,exit_timestamp_et,exit_price,outcome,r_multiple,holding_seconds,mfe,mae,confidence,tape_acceleration_score,continuation_quality_score,participation_ratio,regime,reason_codes
PHASE1_00001,AAPL,SELL,2026-04-06T14:00:00-04:00,2026-04-06T10:00:00-04:00,2026-04-06T14:00:00-04:00,2026-04-06T10:00:00-04:00,258.19,258.46,257.1,256.33,2026-04-06T14:10:00-04:00,2026-04-06T10:10:00-04:00,258.46,STOP_HIT,-1.0,600,0.34,0.32,0.69,1.0,0.69,1.0,CHOP,NEUTRAL
PHASE1_00002,AAPL,BUY,2026-04-06T14:50:00-04:00,2026-04-06T10:50:00-04:00,2026-04-06T14:50:00-04:00,2026-04-06T10:50:00-04:00,259.08,258.77,260.14,260.92,2026-04-06T15:05:00-04:00,2026-04-06T11:05:00-04:00,258.77,STOP_HIT,-1.0,900,0.18,0.32,0.85,1.0,0.85,1.0,CHOP,NEUTRAL
PHASE1_00003,AAPL,SELL,2026-04-07T14:40:00-04:00,2026-04-07T10:40:00-04:00,2026-04-07T14:40:00-04:00,2026-04-07T10:40:00-04:00,251.19,251.56,250.23,249.48,2026-04-07T14:55:00-04:00,2026-04-07T10:55:00-04:00,250.4,TARGET1_HIT,2.1354,900,1.07,0.0,0.85,1.0,0.85,1.0,CHOP,NEUTRAL
PHASE1_00004,AAPL,SELL,2026-04-08T14:40:00-04:00,2026-04-08T10:40:00-04:00,2026-04-08T14:40:00-04:00,2026-04-08T10:40:00-04:00,257.33,257.64,256.28,255.51,2026-04-08T14:50:00-04:00,2026-04-08T10:50:00-04:00,257.64,STOP_HIT,-1.0,600,0.185,0.385,0.69,1.0,0.69,1.0,CHOP,NEUTRAL
PHASE1_00005,AAPL,SELL,2026-04-08T14:00:00-04:00,2026-04-08T10:00:00-04:00,2026-04-08T14:00:00-04:00,2026-04-08T10:00:00-04:00,257.7,257.96,256.6,255.83,2026-04-08T15:35:00-04:00,2026-04-08T11:35:00-04:00,257.96,STOP_HIT,-1.0,5700,0.79,0.38,0.65,1.0,0.65,1.0,CHOP,NEUTRAL
PHASE1_00006,AAPL,BUY,2026-04-08T15:30:00-04:00,2026-04-08T11:30:00-04:00,2026-04-08T15:30:00-04:00,2026-04-08T11:30:00-04:00,257.18,256.92,258.8,259.57,2026-04-08T15:55:00-04:00,2026-04-08T11:55:00-04:00,258.93,TARGET1_HIT,6.804,1500,1.81,0.0,0.85,1.0,0.85,1.0,CHOP,NEUTRAL
PHASE1_00007,AAPL,SELL,2026-04-09T14:30:00-04:00,2026-04-09T10:30:00-04:00,2026-04-09T14:30:00-04:00,2026-04-09T10:30:00-04:00,259.61,260.14,258.59,257.81,2026-04-09T15:00:00-04:00,2026-04-09T11:00:00-04:00,260.14,STOP_HIT,-1.0,1800,0.11,0.6,0.65,1.0,0.65,1.0,BULL,NEUTRAL
PHASE1_00008,AAPL,BUY,2026-04-09T15:20:00-04:00,2026-04-09T11:20:00-04:00,2026-04-09T15:20:00-04:00,2026-04-09T11:20:00-04:00,259.93,259.51,261.07,261.85,2026-04-09T15:50:00-04:00,2026-04-09T11:50:00-04:00,260.72,TARGET1_HIT,1.881,1800,1.19,0.0,0.89,1.0,0.89,1.0,BULL,NEUTRAL
PHASE1_00009,AAPL,BUY,2026-04-09T15:50:00-04:00,2026-04-09T11:50:00-04:00,2026-04-09T15:50:00-04:00,2026-04-09T11:50:00-04:00,260.67,260.09,261.66,262.44,2026-04-10T09:30:00-04:00,2026-04-10T05:30:00-04:00,259.95,STOP_HIT,-1.2414,63600,0.06,1.6,0.93,1.0,0.93,1.0,BULL,NEUTRAL
PHASE1_00010,AAPL,BUY,2026-04-10T15:00:00-04:00,2026-04-10T11:00:00-04:00,2026-04-10T15:00:00-04:00,2026-04-10T11:00:00-04:00,259.73,259.15,260.71,261.48,2026-04-13T09:30:00-04:00,2026-04-13T05:30:00-04:00,259.15,STOP_HIT,-1.0,239400,0.805,1.73,0.85,1.0,0.85,1.0,BULL,NEUTRAL
PHASE1_00011,AAPL,BUY,2026-04-13T14:35:00-04:00,2026-04-13T10:35:00-04:00,2026-04-13T14:35:00-04:00,2026-04-13T10:35:00-04:00,258.05,257.56,259.11,259.88,2026-04-13T15:50:00-04:00,2026-04-13T11:50:00-04:00,259.1,TARGET1_HIT,2.1753,4500,1.445,0.455,0.89,1.0,0.89,1.0,BULL,NEUTRAL
PHASE1_00012,AAPL,BUY,2026-04-13T15:05:00-04:00,2026-04-13T11:05:00-04:00,2026-04-13T15:05:00-04:00,2026-04-13T11:05:00-04:00,258.11,257.25,258.8,259.57,2026-04-13T15:50:00-04:00,2026-04-13T11:50:00-04:00,259.1,TARGET1_HIT,1.1512,2700,1.38,0.52,0.89,1.0,0.89,1.0,BULL,NEUTRAL
PHASE1_00013,AAPL,SELL,2026-04-14T14:45:00-04:00,2026-04-14T10:45:00-04:00,2026-04-14T14:45:00-04:00,2026-04-14T10:45:00-04:00,258.16,258.67,257.12,256.35,2026-04-14T15:25:00-04:00,2026-04-14T11:25:00-04:00,258.67,STOP_HIT,-1.0,2400,0.41,0.51,0.69,1.0,0.69,1.0,BULL,NEUTRAL
PHASE1_00014,AAPL,BUY,2026-04-14T15:55:00-04:00,2026-04-14T11:55:00-04:00,2026-04-14T15:55:00-04:00,2026-04-14T11:55:00-04:00,258.22,257.96,259.79,260.56,2026-04-15T09:30:00-04:00,2026-04-15T05:30:00-04:00,257.96,STOP_HIT,-1.0,63300,1.76,0.4,0.93,1.0,0.93,1.0,BULL,NEUTRAL
PHASE1_00015,AAPL,BUY,2026-04-15T14:20:00-04:00,2026-04-15T10:20:00-04:00,2026-04-15T14:20:00-04:00,2026-04-15T10:20:00-04:00,265.07,264.59,266.19,266.98,2026-04-15T15:50:00-04:00,2026-04-15T11:50:00-04:00,266.0,TARGET1_HIT,1.9271,5400,1.14,0.0,0.89,1.0,0.89,1.0,BULL,NEUTRAL
PHASE1_00016,AAPL,BUY,2026-04-15T15:35:00-04:00,2026-04-15T11:35:00-04:00,2026-04-15T15:35:00-04:00,2026-04-15T11:35:00-04:00,265.71,265.21,266.81,267.6,2026-04-16T09:30:00-04:00,2026-04-16T05:30:00-04:00,265.21,STOP_HIT,-1.0,64500,1.445,1.935,0.89,1.0,0.89,1.0,BULL,NEUTRAL
PHASE1_00017,AAPL,BUY,2026-04-16T14:40:00-04:00,2026-04-16T10:40:00-04:00,2026-04-16T14:40:00-04:00,2026-04-16T10:40:00-04:00,264.08,263.44,265.02,265.81,2026-04-16T15:55:00-04:00,2026-04-16T11:55:00-04:00,263.44,STOP_HIT,-1.0,4500,0.47,0.82,0.89,1.0,0.89,1.0,BULL,NEUTRAL
PHASE1_00018,AAPL,BUY,2026-04-16T15:15:00-04:00,2026-04-16T11:15:00-04:00,2026-04-16T15:15:00-04:00,2026-04-16T11:15:00-04:00,264.22,263.29,264.87,265.66,2026-04-16T15:55:00-04:00,2026-04-16T11:55:00-04:00,263.29,STOP_HIT,-1.0,2400,0.0299,0.9601,0.93,1.0,0.93,1.0,BULL,NEUTRAL
PHASE1_00019,AAPL,BUY,2026-04-17T15:45:00-04:00,2026-04-17T11:45:00-04:00,2026-04-17T15:45:00-04:00,2026-04-17T11:45:00-04:00,270.48,269.71,271.33,272.14,2026-04-17T15:50:00-04:00,2026-04-17T11:50:00-04:00,269.71,STOP_HIT,-1.0,300,0.01,0.77,0.85,1.0,0.85,1.0,BULL,NEUTRAL
PHASE1_00020,AAPL,BUY,2026-04-20T14:10:00-04:00,2026-04-20T10:10:00-04:00,2026-04-20T14:10:00-04:00,2026-04-20T10:10:00-04:00,273.35,272.84,274.48,275.3,2026-04-20T15:25:00-04:00,2026-04-20T11:25:00-04:00,272.84,STOP_HIT,-1.0,4500,0.2907,0.6793,0.89,1.0,0.89,1.0,BULL,NEUTRAL
PHASE1_00021,AAPL,BUY,2026-04-20T15:15:00-04:00,2026-04-20T11:15:00-04:00,2026-04-20T15:15:00-04:00,2026-04-20T11:15:00-04:00,273.13,272.55,274.19,275.01,2026-04-20T15:30:00-04:00,2026-04-20T11:30:00-04:00,272.55,STOP_HIT,-1.0,900,0.125,0.685,0.89,1.0,0.89,1.0,BULL,NEUTRAL
PHASE1_00022,AAPL,BUY,2026-04-21T14:10:00-04:00,2026-04-21T10:10:00-04:00,2026-04-21T14:10:00-04:00,2026-04-21T10:10:00-04:00,266.71,266.23,267.83,268.63,2026-04-21T14:55:00-04:00,2026-04-21T10:55:00-04:00,267.84,TARGET1_HIT,2.3542,2700,1.17,0.48,0.85,1.0,0.85,1.0,BULL,NEUTRAL
PHASE1_00023,AAPL,BUY,2026-04-21T15:30:00-04:00,2026-04-21T11:30:00-04:00,2026-04-21T15:30:00-04:00,2026-04-21T11:30:00-04:00,267.96,267.24,268.84,269.65,2026-04-21T15:35:00-04:00,2026-04-21T11:35:00-04:00,267.24,STOP_HIT,-1.0,300,0.0,0.755,0.89,1.0,0.89,1.0,BULL,NEUTRAL
PHASE1_00024,AAPL,BUY,2026-04-21T14:55:00-04:00,2026-04-21T10:55:00-04:00,2026-04-21T14:55:00-04:00,2026-04-21T10:55:00-04:00,267.72,267.2,268.8,269.61,2026-04-21T15:40:00-04:00,2026-04-21T11:40:00-04:00,267.2,STOP_HIT,-1.0,2700,0.47,1.66,0.89,1.0,0.89,1.0,BULL,NEUTRAL
PHASE1_00025,AAPL,BUY,2026-04-22T14:15:00-04:00,2026-04-22T10:15:00-04:00,2026-04-22T14:15:00-04:00,2026-04-22T10:15:00-04:00,273.26,272.38,274.02,274.84,2026-04-22T14:40:00-04:00,2026-04-22T10:40:00-04:00,272.38,STOP_HIT,-1.0,1500,0.0,0.98,0.89,1.0,0.89,1.0,BULL,NEUTRAL
PHASE1_00026,AAPL,BUY,2026-04-22T15:50:00-04:00,2026-04-22T11:50:00-04:00,2026-04-22T15:50:00-04:00,2026-04-22T11:50:00-04:00,272.89,272.06,273.7,274.51,2026-04-23T09:30:00-04:00,2026-04-23T05:30:00-04:00,275.08,TARGET1_HIT,2.6381,63600,2.7799,0.2301,0.85,1.0,0.85,1.0,BULL,NEUTRAL
PHASE1_00027,AAPL,BUY,2026-04-23T14:50:00-04:00,2026-04-23T10:50:00-04:00,2026-04-23T14:50:00-04:00,2026-04-23T10:50:00-04:00,273.95,273.43,275.07,275.89,2026-04-23T15:50:00-04:00,2026-04-23T11:50:00-04:00,273.43,STOP_HIT,-1.0,3600,0.59,0.895,0.89,1.0,0.89,1.0,BULL,NEUTRAL
PHASE1_00028,AAPL,BUY,2026-04-23T14:15:00-04:00,2026-04-23T10:15:00-04:00,2026-04-23T14:15:00-04:00,2026-04-23T10:15:00-04:00,273.29,272.92,274.56,275.39,2026-04-24T09:30:00-04:00,2026-04-24T05:30:00-04:00,272.76,STOP_HIT,-1.4324,69300,1.255,3.19,0.89,1.0,0.89,1.0,BULL,NEUTRAL
PHASE1_00029,AAPL,BUY,2026-04-24T14:40:00-04:00,2026-04-24T10:40:00-04:00,2026-04-24T14:40:00-04:00,2026-04-24T10:40:00-04:00,270.21,269.68,271.3,272.11,2026-04-24T15:55:00-04:00,2026-04-24T11:55:00-04:00,271.06,TARGET1_HIT,1.6038,4500,1.27,0.31,0.85,1.0,0.85,1.0,BULL,NEUTRAL
PHASE1_00030,AAPL,BUY,2026-04-24T15:45:00-04:00,2026-04-24T11:45:00-04:00,2026-04-24T15:45:00-04:00,2026-04-24T11:45:00-04:00,270.49,270.15,271.77,272.59,2026-04-24T15:55:00-04:00,2026-04-24T11:55:00-04:00,271.17,TIMEOUT,2.0,600,0.99,0.0,0.89,1.0,0.89,1.0,BULL,NEUTRAL
PHASE1_00031,AMD,BUY,2026-04-01T15:20:00-04:00,2026-04-01T11:20:00-04:00,2026-04-01T15:20:00-04:00,2026-04-01T11:20:00-04:00,211.32,211.11,212.47,213.12,2026-04-01T15:30:00-04:00,2026-04-01T11:30:00-04:00,211.11,STOP_HIT,-1.0,600,0.78,0.6215,0.89,1.0,0.89,1.0,BULL,NEUTRAL
PHASE1_00032,AMD,BUY,2026-04-02T14:45:00-04:00,2026-04-02T10:45:00-04:00,2026-04-02T14:45:00-04:00,2026-04-02T10:45:00-04:00,215.72,215.42,216.72,217.36,2026-04-02T15:10:00-04:00,2026-04-02T11:10:00-04:00,217.02,TARGET1_HIT,4.2459,1500,1.305,0.0,0.89,1.0,0.89,1.0,BULL,NEUTRAL
PHASE1_00033,AMD,BUY,2026-04-02T15:20:00-04:00,2026-04-02T11:20:00-04:00,2026-04-02T15:20:00-04:00,2026-04-02T11:20:00-04:00,216.94,216.01,217.3,217.95,2026-04-02T15:25:00-04:00,2026-04-02T11:25:00-04:00,217.04,TARGET1_HIT,0.1135,300,0.365,0.445,0.93,1.0,0.93,1.0,BULL,NEUTRAL
PHASE1_00034,AMD,BUY,2026-04-02T15:50:00-04:00,2026-04-02T11:50:00-04:00,2026-04-02T15:50:00-04:00,2026-04-02T11:50:00-04:00,216.92,216.7,218.43,219.09,2026-04-06T09:30:00-04:00,2026-04-06T05:30:00-04:00,225.4,TARGET1_HIT,39.0959,322800,8.6376,0.0,0.93,1.0,0.93,1.0,BULL,NEUTRAL
PHASE1_00035,AMD,BUY,2026-04-06T14:45:00-04:00,2026-04-06T10:45:00-04:00,2026-04-06T14:45:00-04:00,2026-04-06T10:45:00-04:00,220.13,219.61,220.93,221.59,2026-04-06T15:10:00-04:00,2026-04-06T11:10:00-04:00,219.61,STOP_HIT,-1.0,1500,0.28,0.5499,0.85,1.0,0.85,1.0,BULL,NEUTRAL
PHASE1_00036,AMD,BUY,2026-04-07T15:35:00-04:00,2026-04-07T11:35:00-04:00,2026-04-07T15:35:00-04:00,2026-04-07T11:35:00-04:00,218.88,218.42,219.73,220.39,2026-04-07T15:45:00-04:00,2026-04-07T11:45:00-04:00,220.26,TARGET1_HIT,2.9902,600,1.62,0.03,0.89,1.0,0.89,1.0,BULL,NEUTRAL
PHASE1_00037,AMD,BUY,2026-04-09T14:15:00-04:00,2026-04-09T10:15:00-04:00,2026-04-09T14:15:00-04:00,2026-04-09T10:15:00-04:00,234.91,234.58,235.99,236.69,2026-04-09T14:55:00-04:00,2026-04-09T10:55:00-04:00,236.05,TARGET1_HIT,3.4559,2400,1.2901,0.0511,0.89,1.0,0.89,1.0,BULL,NEUTRAL
PHASE1_00038,AMD,BUY,2026-04-09T14:50:00-04:00,2026-04-09T10:50:00-04:00,2026-04-09T14:50:00-04:00,2026-04-09T10:50:00-04:00,235.54,235.11,236.53,237.24,2026-04-09T15:00:00-04:00,2026-04-09T11:00:00-04:00,236.55,TARGET1_HIT,2.3488,600,1.24,0.0,0.89,1.0,0.89,1.0,BULL,NEUTRAL
PHASE1_00039,AMD,BUY,2026-04-10T14:10:00-04:00,2026-04-10T10:10:00-04:00,2026-04-10T14:10:00-04:00,2026-04-10T10:10:00-04:00,245.59,245.22,246.69,247.43,2026-04-10T14:40:00-04:00,2026-04-10T10:40:00-04:00,245.22,STOP_HIT,-1.0,1800,0.73,0.7,0.89,1.0,0.89,1.0,BULL,NEUTRAL
PHASE1_00040,AMD,BUY,2026-04-13T15:30:00-04:00,2026-04-13T11:30:00-04:00,2026-04-13T15:30:00-04:00,2026-04-13T11:30:00-04:00,246.94,246.41,247.89,248.63,2026-04-13T15:40:00-04:00,2026-04-13T11:40:00-04:00,246.41,STOP_HIT,-1.0,600,0.09,0.607,0.89,1.0,0.89,1.0,BULL,NEUTRAL
PHASE1_00041,AMD,BUY,2026-04-13T14:50:00-04:00,2026-04-13T10:50:00-04:00,2026-04-13T14:50:00-04:00,2026-04-13T10:50:00-04:00,246.34,246.09,247.61,248.35,2026-04-14T09:30:00-04:00,2026-04-14T05:30:00-04:00,247.29,TARGET1_HIT,3.8571,67200,5.69,0.0299,0.89,1.0,0.89,1.0,BULL,NEUTRAL
PHASE1_00042,AMD,BUY,2026-04-14T14:00:00-04:00,2026-04-14T10:00:00-04:00,2026-04-14T14:00:00-04:00,2026-04-14T10:00:00-04:00,253.62,253.08,254.6,255.36,2026-04-14T14:15:00-04:00,2026-04-14T10:15:00-04:00,253.08,STOP_HIT,-1.0,900,0.2029,0.6471,0.89,1.0,0.89,1.0,BULL,NEUTRAL
PHASE1_00043,AMD,BUY,2026-04-14T14:30:00-04:00,2026-04-14T10:30:00-04:00,2026-04-14T14:30:00-04:00,2026-04-14T10:30:00-04:00,253.43,252.9,254.42,255.18,2026-04-14T15:05:00-04:00,2026-04-14T11:05:00-04:00,254.49,TARGET1_HIT,2.0286,2100,1.265,0.1193,0.89,1.0,0.89,1.0,BULL,NEUTRAL
PHASE1_00044,AMD,BUY,2026-04-14T15:00:00-04:00,2026-04-14T11:00:00-04:00,2026-04-14T15:00:00-04:00,2026-04-14T11:00:00-04:00,254.12,253.63,255.16,255.92,2026-04-14T15:25:00-04:00,2026-04-14T11:25:00-04:00,255.17,TARGET1_HIT,2.1429,1500,1.18,0.0,0.89,1.0,0.89,1.0,BULL,NEUTRAL
PHASE1_00045,AMD,BUY,2026-04-14T15:40:00-04:00,2026-04-14T11:40:00-04:00,2026-04-14T15:40:00-04:00,2026-04-14T11:40:00-04:00,255.2,254.25,255.78,256.55,2026-04-15T09:30:00-04:00,2026-04-15T05:30:00-04:00,254.25,STOP_HIT,-1.0,64200,1.3499,1.47,0.93,1.0,0.93,1.0,BULL,NEUTRAL
PHASE1_00046,AMD,BUY,2026-04-15T14:15:00-04:00,2026-04-15T10:15:00-04:00,2026-04-15T14:15:00-04:00,2026-04-15T10:15:00-04:00,254.5,254.01,255.54,256.31,2026-04-15T14:55:00-04:00,2026-04-15T10:55:00-04:00,255.32,TARGET1_HIT,1.67,2400,1.0577,0.205,0.85,1.0,0.85,1.0,BULL,NEUTRAL
PHASE1_00047,AMD,BUY,2026-04-15T14:50:00-04:00,2026-04-15T10:50:00-04:00,2026-04-15T14:50:00-04:00,2026-04-15T10:50:00-04:00,255.11,254.71,256.24,257.01,2026-04-15T15:15:00-04:00,2026-04-15T11:15:00-04:00,256.19,TARGET1_HIT,2.7,1500,1.15,0.0,0.89,1.0,0.89,1.0,BULL,NEUTRAL
PHASE1_00048,AMD,BUY,2026-04-15T15:20:00-04:00,2026-04-15T11:20:00-04:00,2026-04-15T15:20:00-04:00,2026-04-15T11:20:00-04:00,256.19,255.69,257.23,258.0,2026-04-15T15:30:00-04:00,2026-04-15T11:30:00-04:00,257.4,TARGET1_HIT,2.42,600,1.28,0.0,0.89,1.0,0.89,1.0,BULL,NEUTRAL
PHASE1_00049,AMD,BUY,2026-04-15T15:50:00-04:00,2026-04-15T11:50:00-04:00,2026-04-15T15:50:00-04:00,2026-04-15T11:50:00-04:00,256.96,256.69,258.24,259.01,2026-04-16T09:30:00-04:00,2026-04-16T05:30:00-04:00,268.5,TARGET1_HIT,42.7593,63600,11.75,0.0,0.89,1.0,0.89,1.0,BULL,NEUTRAL
PHASE1_00050,AMD,BUY,2026-04-16T15:30:00-04:00,2026-04-16T11:30:00-04:00,2026-04-16T15:30:00-04:00,2026-04-16T11:30:00-04:00,275.19,274.91,276.89,277.79,2026-04-16T15:40:00-04:00,2026-04-16T11:40:00-04:00,277.31,TARGET1_HIT,7.6973,600,2.3245,0.0,0.89,1.0,0.89,1.0,BULL,NEUTRAL
PHASE1_00051,AMD,BUY,2026-04-20T14:25:00-04:00,2026-04-20T10:25:00-04:00,2026-04-20T14:25:00-04:00,2026-04-20T10:25:00-04:00,273.62,273.34,275.34,276.16,2026-04-20T14:40:00-04:00,2026-04-20T10:40:00-04:00,274.98,TARGET1_HIT,4.9708,900,1.7349,0.0,0.85,1.0,0.85,1.0,BULL,NEUTRAL
PHASE1_00052,AMD,BUY,2026-04-20T14:55:00-04:00,2026-04-20T10:55:00-04:00,2026-04-20T14:55:00-04:00,2026-04-20T10:55:00-04:00,275.8,275.46,277.12,277.95,2026-04-20T15:15:00-04:00,2026-04-20T11:15:00-04:00,275.46,STOP_HIT,-1.0,1200,0.705,0.575,0.89,1.0,0.89,1.0,BULL,NEUTRAL
PHASE1_00053,AMD,BUY,2026-04-21T14:05:00-04:00,2026-04-21T10:05:00-04:00,2026-04-21T14:05:00-04:00,2026-04-21T10:05:00-04:00,283.44,283.07,285.16,286.2,2026-04-21T15:10:00-04:00,2026-04-21T11:10:00-04:00,284.51,TARGET1_HIT,2.8919,3900,1.9299,0.28,0.89,1.0,0.89,1.0,BULL,NEUTRAL
PHASE1_00054,AMD,BUY,2026-04-21T14:40:00-04:00,2026-04-21T10:40:00-04:00,2026-04-21T14:40:00-04:00,2026-04-21T10:40:00-04:00,284.07,282.97,285.03,286.05,2026-04-21T15:10:00-04:00,2026-04-21T11:10:00-04:00,284.51,TARGET1_HIT,0.4,1800,1.2999,0.91,0.93,1.0,0.93,1.0,BULL,NEUTRAL
PHASE1_00055,AMD,BUY,2026-04-21T15:20:00-04:00,2026-04-21T11:20:00-04:00,2026-04-21T15:20:00-04:00,2026-04-21T11:20:00-04:00,284.73,284.45,286.29,287.22,2026-04-21T15:40:00-04:00,2026-04-21T11:40:00-04:00,284.45,STOP_HIT,-1.0,1200,1.47,2.96,0.89,1.0,0.89,1.0,BULL,NEUTRAL
PHASE1_00056,AMD,BUY,2026-04-22T15:00:00-04:00,2026-04-22T11:00:00-04:00,2026-04-22T15:00:00-04:00,2026-04-22T11:00:00-04:00,301.75,300.75,302.56,303.46,2026-04-22T15:15:00-04:00,2026-04-22T11:15:00-04:00,303.1,TARGET1_HIT,1.345,900,1.6797,0.6599,0.89,1.0,0.89,1.0,BULL,NEUTRAL
PHASE1_00057,AMD,BUY,2026-04-22T15:45:00-04:00,2026-04-22T11:45:00-04:00,2026-04-22T15:45:00-04:00,2026-04-22T11:45:00-04:00,303.28,302.27,304.09,304.99,2026-04-22T15:50:00-04:00,2026-04-22T11:50:00-04:00,303.58,TARGET1_HIT,0.2969,300,0.82,0.5789,0.93,1.0,0.93,1.0,BULL,NEUTRAL
PHASE1_00058,AMD,BUY,2026-04-24T15:55:00-04:00,2026-04-24T11:55:00-04:00,2026-04-24T15:55:00-04:00,2026-04-24T11:55:00-04:00,346.45,346.1,349.11,350.23,2026-04-24T15:55:00-04:00,2026-04-24T11:55:00-04:00,346.45,TIMEOUT,0.0,0,0.0,0.0,0.85,1.0,0.85,1.0,BULL,NEUTRAL
PHASE1_00059,META,SELL,2026-04-01T14:05:00-04:00,2026-04-01T10:05:00-04:00,2026-04-01T14:05:00-04:00,2026-04-01T10:05:00-04:00,585.33,586.14,582.63,580.88,2026-04-01T14:15:00-04:00,2026-04-01T10:15:00-04:00,581.88,TARGET1_HIT,4.2593,600,3.93,0.0,0.85,1.0,0.85,1.0,BEAR,NEUTRAL
PHASE1_00060,META,SELL,2026-04-06T14:00:00-04:00,2026-04-06T10:00:00-04:00,2026-04-06T14:00:00-04:00,2026-04-06T10:00:00-04:00,575.66,576.8,573.34,571.62,2026-04-06T14:10:00-04:00,2026-04-06T10:10:00-04:00,576.8,STOP_HIT,-1.0,600,0.2838,2.0462,0.89,1.0,0.89,1.0,BEAR,NEUTRAL
PHASE1_00061,META,SELL,2026-04-07T14:35:00-04:00,2026-04-07T10:35:00-04:00,2026-04-07T14:35:00-04:00,2026-04-07T10:35:00-04:00,568.35,569.38,565.98,564.27,2026-04-07T14:55:00-04:00,2026-04-07T10:55:00-04:00,566.1,TARGET1_HIT,2.1845,1200,2.5099,0.0,0.89,1.0,0.89,1.0,BEAR,NEUTRAL
PHASE1_00062,META,SELL,2026-04-08T14:10:00-04:00,2026-04-08T10:10:00-04:00,2026-04-08T14:10:00-04:00,2026-04-08T10:10:00-04:00,619.08,619.83,615.37,612.83,2026-04-08T14:15:00-04:00,2026-04-08T10:15:00-04:00,619.83,STOP_HIT,-1.0,300,2.64,1.0642,0.85,1.0,0.85,1.0,CHOP,NEUTRAL
PHASE1_00063,META,SELL,2026-04-08T14:40:00-04:00,2026-04-08T10:40:00-04:00,2026-04-08T14:40:00-04:00,2026-04-08T10:40:00-04:00,614.97,615.58,612.01,610.01,2026-04-08T14:45:00-04:00,2026-04-08T10:45:00-04:00,615.58,STOP_HIT,-1.0,300,1.09,0.9296,0.85,1.0,0.85,1.0,CHOP,NEUTRAL
PHASE1_00064,META,BUY,2026-04-09T15:35:00-04:00,2026-04-09T11:35:00-04:00,2026-04-09T15:35:00-04:00,2026-04-09T11:35:00-04:00,629.64,628.41,631.74,633.63,2026-04-09T15:45:00-04:00,2026-04-09T11:45:00-04:00,628.41,STOP_HIT,-1.0,600,0.0,1.645,0.85,1.0,0.85,1.0,CHOP,NEUTRAL
PHASE1_00065,META,BUY,2026-04-10T15:25:00-04:00,2026-04-10T11:25:00-04:00,2026-04-10T15:25:00-04:00,2026-04-10T11:25:00-04:00,628.14,626.13,629.9,631.78,2026-04-10T15:55:00-04:00,2026-04-10T11:55:00-04:00,629.89,TARGET1_HIT,0.866,1800,1.805,0.845,0.85,1.0,0.85,1.0,BULL,NEUTRAL
PHASE1_00066,META,BUY,2026-04-10T15:55:00-04:00,2026-04-10T11:55:00-04:00,2026-04-10T15:55:00-04:00,2026-04-10T11:55:00-04:00,629.22,628.38,632.16,634.05,2026-04-13T09:30:00-04:00,2026-04-13T05:30:00-04:00,628.38,STOP_HIT,-1.0,236100,1.11,1.71,0.89,1.0,0.89,1.0,BULL,NEUTRAL
PHASE1_00067,META,BUY,2026-04-13T14:05:00-04:00,2026-04-13T10:05:00-04:00,2026-04-13T14:05:00-04:00,2026-04-13T10:05:00-04:00,630.97,629.7,633.48,635.38,2026-04-13T15:40:00-04:00,2026-04-13T11:40:00-04:00,633.49,TARGET1_HIT,1.9843,5700,2.9,0.56,0.89,1.0,0.89,1.0,BULL,NEUTRAL
PHASE1_00068,META,BUY,2026-04-13T14:45:00-04:00,2026-04-13T10:45:00-04:00,2026-04-13T14:45:00-04:00,2026-04-13T10:45:00-04:00,632.02,630.6,634.39,636.29,2026-04-13T15:50:00-04:00,2026-04-13T11:50:00-04:00,633.98,TARGET1_HIT,1.3719,3900,2.925,0.185,0.89,1.0,0.89,1.0,BULL,NEUTRAL
PHASE1_00069,META,BUY,2026-04-13T15:20:00-04:00,2026-04-13T11:20:00-04:00,2026-04-13T15:20:00-04:00,2026-04-13T11:20:00-04:00,632.29,630.93,634.73,636.62,2026-04-13T15:50:00-04:00,2026-04-13T11:50:00-04:00,633.98,TARGET1_HIT,1.2426,1800,2.66,0.45,0.89,1.0,0.89,1.0,BULL,NEUTRAL
PHASE1_00070,META,BUY,2026-04-15T14:45:00-04:00,2026-04-15T10:45:00-04:00,2026-04-15T14:45:00-04:00,2026-04-15T10:45:00-04:00,674.24,672.99,677.04,679.06,2026-04-15T15:10:00-04:00,2026-04-15T11:10:00-04:00,672.99,STOP_HIT,-1.0,1500,0.91,1.84,0.89,1.0,0.89,1.0,BULL,NEUTRAL
PHASE1_00071,META,BUY,2026-04-16T15:40:00-04:00,2026-04-16T11:40:00-04:00,2026-04-16T15:40:00-04:00,2026-04-16T11:40:00-04:00,675.27,673.58,677.63,679.66,2026-04-17T09:30:00-04:00,2026-04-17T05:30:00-04:00,678.24,TARGET1_HIT,1.7574,64200,5.4099,0.28,0.89,1.0,0.89,1.0,BULL,NEUTRAL
PHASE1_00072,META,BUY,2026-04-17T15:00:00-04:00,2026-04-17T11:00:00-04:00,2026-04-17T15:00:00-04:00,2026-04-17T11:00:00-04:00,684.22,682.67,686.78,688.83,2026-04-17T15:40:00-04:00,2026-04-17T11:40:00-04:00,689.18,TARGET1_HIT,3.2,2400,7.28,0.83,0.85,1.0,0.85,1.0,BULL,NEUTRAL
PHASE1_00073,META,BUY,2026-04-17T15:30:00-04:00,2026-04-17T11:30:00-04:00,2026-04-17T15:30:00-04:00,2026-04-17T11:30:00-04:00,684.41,683.65,687.76,689.81,2026-04-17T15:40:00-04:00,2026-04-17T11:40:00-04:00,689.18,TARGET1_HIT,6.2763,600,7.09,0.0,0.89,1.0,0.89,1.0,BULL,NEUTRAL
PHASE1_00074,META,BUY,2026-04-21T15:25:00-04:00,2026-04-21T11:25:00-04:00,2026-04-21T15:25:00-04:00,2026-04-21T11:25:00-04:00,673.78,672.38,676.43,678.45,2026-04-21T15:35:00-04:00,2026-04-21T11:35:00-04:00,672.38,STOP_HIT,-1.0,600,0.8199,1.78,0.89,1.0,0.89,1.0,BULL,NEUTRAL
PHASE1_00075,META,BUY,2026-04-22T15:45:00-04:00,2026-04-22T11:45:00-04:00,2026-04-22T15:45:00-04:00,2026-04-22T11:45:00-04:00,677.23,675.89,679.96,681.99,2026-04-22T15:50:00-04:00,2026-04-22T11:50:00-04:00,675.89,STOP_HIT,-1.0,300,0.57,2.8,0.93,1.0,0.93,1.0,BULL,NEUTRAL
PHASE1_00076,META,BUY,2026-04-23T15:25:00-04:00,2026-04-23T11:25:00-04:00,2026-04-23T15:25:00-04:00,2026-04-23T11:25:00-04:00,658.6,657.94,662.04,664.02,2026-04-23T15:50:00-04:00,2026-04-23T11:50:00-04:00,657.94,STOP_HIT,-1.0,1500,2.05,0.77,0.85,1.0,0.85,1.0,BULL,NEUTRAL
PHASE1_00077,META,BUY,2026-04-24T15:10:00-04:00,2026-04-24T11:10:00-04:00,2026-04-24T15:10:00-04:00,2026-04-24T11:10:00-04:00,676.95,676.24,680.31,682.34,2026-04-24T15:35:00-04:00,2026-04-24T11:35:00-04:00,676.24,STOP_HIT,-1.0,1500,1.5299,0.95,0.89,1.0,0.89,1.0,BULL,NEUTRAL
PHASE1_00078,MSFT,SELL,2026-04-07T14:45:00-04:00,2026-04-07T10:45:00-04:00,2026-04-07T14:45:00-04:00,2026-04-07T10:45:00-04:00,369.81,370.48,368.26,367.15,2026-04-07T15:15:00-04:00,2026-04-07T11:15:00-04:00,370.48,STOP_HIT,-1.0,1800,1.1599,1.5701,0.85,1.0,0.85,1.0,BEAR,NEUTRAL
PHASE1_00079,MSFT,SELL,2026-04-09T14:00:00-04:00,2026-04-09T10:00:00-04:00,2026-04-09T14:00:00-04:00,2026-04-09T10:00:00-04:00,371.94,372.31,369.28,368.16,2026-04-09T14:20:00-04:00,2026-04-09T10:20:00-04:00,369.12,TARGET1_HIT,7.5692,1200,3.09,0.0,0.85,1.0,0.85,1.0,BEAR,NEUTRAL
PHASE1_00080,MSFT,SELL,2026-04-10T14:05:00-04:00,2026-04-10T10:05:00-04:00,2026-04-10T14:05:00-04:00,2026-04-10T10:05:00-04:00,370.43,371.25,369.03,367.92,2026-04-10T15:00:00-04:00,2026-04-10T11:00:00-04:00,371.25,STOP_HIT,-1.0,3300,0.37,1.0,0.89,1.0,0.89,1.0,BEAR,NEUTRAL
PHASE1_00081,MSFT,SELL,2026-04-14T14:45:00-04:00,2026-04-14T10:45:00-04:00,2026-04-14T14:45:00-04:00,2026-04-14T10:45:00-04:00,391.53,392.14,389.79,388.62,2026-04-14T15:10:00-04:00,2026-04-14T11:10:00-04:00,392.14,STOP_HIT,-1.0,1500,0.6,0.6899,0.69,1.0,0.69,1.0,BULL,NEUTRAL
PHASE1_00082,MSFT,BUY,2026-04-14T15:30:00-04:00,2026-04-14T11:30:00-04:00,2026-04-14T15:30:00-04:00,2026-04-14T11:30:00-04:00,392.28,391.32,393.67,394.85,2026-04-14T15:55:00-04:00,2026-04-14T11:55:00-04:00,393.11,TARGET1_HIT,0.8646,1500,1.44,0.115,0.85,1.0,0.85,1.0,BULL,NEUTRAL
PHASE1_00083,MSFT,BUY,2026-04-15T15:05:00-04:00,2026-04-15T11:05:00-04:00,2026-04-15T15:05:00-04:00,2026-04-15T11:05:00-04:00,413.44,412.34,414.82,416.06,2026-04-15T15:30:00-04:00,2026-04-15T11:30:00-04:00,412.34,STOP_HIT,-1.0,1500,0.32,1.62,0.89,1.0,0.89,1.0,BULL,NEUTRAL
PHASE1_00084,MSFT,BUY,2026-04-15T15:35:00-04:00,2026-04-15T11:35:00-04:00,2026-04-15T15:35:00-04:00,2026-04-15T11:35:00-04:00,411.97,410.61,413.08,414.32,2026-04-16T09:30:00-04:00,2026-04-16T05:30:00-04:00,416.66,TARGET1_HIT,3.4485,64500,8.03,1.2486,0.89,1.0,0.89,1.0,BULL,NEUTRAL
PHASE1_00085,MSFT,BUY,2026-04-16T14:50:00-04:00,2026-04-16T10:50:00-04:00,2026-04-16T14:50:00-04:00,2026-04-16T10:50:00-04:00,419.5,418.45,420.97,422.23,2026-04-16T15:05:00-04:00,2026-04-16T11:05:00-04:00,418.45,STOP_HIT,-1.0,900,0.0,1.44,0.89,1.0,0.89,1.0,BULL,NEUTRAL
PHASE1_00086,MSFT,BUY,2026-04-16T15:40:00-04:00,2026-04-16T11:40:00-04:00,2026-04-16T15:40:00-04:00,2026-04-16T11:40:00-04:00,419.44,419.02,421.54,422.8,2026-04-17T09:30:00-04:00,2026-04-17T05:30:00-04:00,424.13,TARGET1_HIT,11.1974,64200,5.8712,0.0,0.93,1.0,0.93,1.0,BULL,NEUTRAL
PHASE1_00087,MSFT,BUY,2026-04-21T15:00:00-04:00,2026-04-21T11:00:00-04:00,2026-04-21T15:00:00-04:00,2026-04-21T11:00:00-04:00,426.48,425.76,428.32,429.6,2026-04-21T15:35:00-04:00,2026-04-21T11:35:00-04:00,425.76,STOP_HIT,-1.0,2100,0.7,1.18,0.89,1.0,0.89,1.0,BULL,NEUTRAL
PHASE1_00088,MSFT,BUY,2026-04-21T14:30:00-04:00,2026-04-21T10:30:00-04:00,2026-04-21T14:30:00-04:00,2026-04-21T10:30:00-04:00,425.8,425.13,427.68,428.96,2026-04-21T15:40:00-04:00,2026-04-21T11:40:00-04:00,425.13,STOP_HIT,-1.0,4200,1.38,2.49,0.89,1.0,0.89,1.0,BULL,NEUTRAL
PHASE1_00089,MSFT,BUY,2026-04-22T15:25:00-04:00,2026-04-22T11:25:00-04:00,2026-04-22T15:25:00-04:00,2026-04-22T11:25:00-04:00,431.88,430.87,433.46,434.76,2026-04-22T15:55:00-04:00,2026-04-22T11:55:00-04:00,432.68,TARGET1_HIT,0.7921,1800,1.76,0.09,0.89,1.0,0.89,1.0,BULL,NEUTRAL
PHASE1_00090,MSFT,BUY,2026-04-22T15:55:00-04:00,2026-04-22T11:55:00-04:00,2026-04-22T15:55:00-04:00,2026-04-22T11:55:00-04:00,433.21,431.64,434.24,435.54,2026-04-23T09:30:00-04:00,2026-04-23T05:30:00-04:00,419.66,STOP_HIT,-8.6306,63300,0.0,15.09,0.89,1.0,0.89,1.0,BULL,NEUTRAL
PHASE1_00091,MSFT,BUY,2026-04-23T15:10:00-04:00,2026-04-23T11:10:00-04:00,2026-04-23T15:10:00-04:00,2026-04-23T11:10:00-04:00,415.09,414.67,417.58,418.82,2026-04-24T09:30:00-04:00,2026-04-24T05:30:00-04:00,419.82,TARGET1_HIT,11.3948,66000,5.12,0.07,0.85,1.0,0.85,1.0,BULL,NEUTRAL
PHASE1_00092,MSFT,BUY,2026-04-24T14:05:00-04:00,2026-04-24T10:05:00-04:00,2026-04-24T14:05:00-04:00,2026-04-24T10:05:00-04:00,421.01,420.08,422.61,423.87,2026-04-24T14:35:00-04:00,2026-04-24T10:35:00-04:00,422.31,TARGET1_HIT,1.4032,1800,1.68,0.0,0.89,1.0,0.89,1.0,BULL,NEUTRAL
PHASE1_00093,NVDA,BUY,2026-04-02T14:05:00-04:00,2026-04-02T10:05:00-04:00,2026-04-02T14:05:00-04:00,2026-04-02T10:05:00-04:00,176.73,176.55,177.49,178.02,2026-04-02T14:25:00-04:00,2026-04-02T10:25:00-04:00,176.55,STOP_HIT,-1.0,1200,0.32,0.22,0.69,1.0,0.69,1.0,CHOP,NEUTRAL
PHASE1_00094,NVDA,BUY,2026-04-02T15:05:00-04:00,2026-04-02T11:05:00-04:00,2026-04-02T15:05:00-04:00,2026-04-02T11:05:00-04:00,176.94,176.77,177.73,178.26,2026-04-06T09:30:00-04:00,2026-04-06T05:30:00-04:00,176.77,STOP_HIT,-1.0,325500,0.845,0.215,0.73,1.0,0.73,1.0,CHOP,NEUTRAL
PHASE1_00095,NVDA,SELL,2026-04-06T14:00:00-04:00,2026-04-06T10:00:00-04:00,2026-04-06T14:00:00-04:00,2026-04-06T10:00:00-04:00,176.6,176.89,175.83,175.31,2026-04-06T14:10:00-04:00,2026-04-06T10:10:00-04:00,176.89,STOP_HIT,-1.0,600,0.14,0.42,0.89,1.0,0.89,1.0,BEAR,NEUTRAL
PHASE1_00096,NVDA,BUY,2026-04-06T14:40:00-04:00,2026-04-06T10:40:00-04:00,2026-04-06T14:40:00-04:00,2026-04-06T10:40:00-04:00,177.0,176.66,177.72,178.25,2026-04-07T09:30:00-04:00,2026-04-07T05:30:00-04:00,175.75,STOP_HIT,-3.6765,67800,0.68,1.75,0.69,1.0,0.69,1.0,BEAR,NEUTRAL
PHASE1_00097,NVDA,BUY,2026-04-06T15:15:00-04:00,2026-04-06T11:15:00-04:00,2026-04-06T15:15:00-04:00,2026-04-06T11:15:00-04:00,177.26,176.91,177.97,178.51,2026-04-07T09:30:00-04:00,2026-04-07T05:30:00-04:00,175.75,STOP_HIT,-4.2676,65700,0.415,2.015,0.69,1.0,0.69,1.0,BEAR,NEUTRAL
PHASE1_00098,NVDA,BUY,2026-04-06T15:50:00-04:00,2026-04-06T11:50:00-04:00,2026-04-06T15:50:00-04:00,2026-04-06T11:50:00-04:00,177.3,176.69,177.75,178.28,2026-04-07T09:30:00-04:00,2026-04-07T05:30:00-04:00,175.75,STOP_HIT,-2.541,63600,0.38,2.05,0.69,1.0,0.69,1.0,BEAR,NEUTRAL
PHASE1_00099,NVDA,SELL,2026-04-07T14:45:00-04:00,2026-04-07T10:45:00-04:00,2026-04-07T14:45:00-04:00,2026-04-07T10:45:00-04:00,175.5,175.74,174.82,174.29,2026-04-07T15:15:00-04:00,2026-04-07T11:15:00-04:00,175.74,STOP_HIT,-1.0,1800,0.5249,1.17,0.85,1.0,0.85,1.0,CHOP,NEUTRAL
PHASE1_00100,NVDA,BUY,2026-04-08T14:05:00-04:00,2026-04-08T10:05:00-04:00,2026-04-08T14:05:00-04:00,2026-04-08T10:05:00-04:00,181.97,181.74,182.71,183.25,2026-04-08T14:15:00-04:00,2026-04-08T10:15:00-04:00,181.74,STOP_HIT,-1.0,600,0.2099,0.4751,0.89,1.0,0.89,1.0,CHOP,NEUTRAL
PHASE1_00101,NVDA,BUY,2026-04-08T15:45:00-04:00,2026-04-08T11:45:00-04:00,2026-04-08T15:45:00-04:00,2026-04-08T11:45:00-04:00,181.83,181.65,182.76,183.3,2026-04-09T09:30:00-04:00,2026-04-09T05:30:00-04:00,181.65,STOP_HIT,-1.0,63900,0.47,1.2099,0.93,1.0,0.93,1.0,CHOP,NEUTRAL
PHASE1_00102,NVDA,BUY,2026-04-09T15:30:00-04:00,2026-04-09T11:30:00-04:00,2026-04-09T15:30:00-04:00,2026-04-09T11:30:00-04:00,183.65,183.34,184.45,185.0,2026-04-10T09:30:00-04:00,2026-04-10T05:30:00-04:00,185.68,TARGET1_HIT,6.5484,64800,2.85,0.05,0.89,1.0,0.89,1.0,BULL,NEUTRAL
PHASE1_00103,NVDA,BUY,2026-04-10T14:10:00-04:00,2026-04-10T10:10:00-04:00,2026-04-10T14:10:00-04:00,2026-04-10T10:10:00-04:00,188.44,188.14,189.27,189.84,2026-04-10T15:05:00-04:00,2026-04-10T11:05:00-04:00,189.24,TARGET1_HIT,2.5902,3300,0.875,0.0649,0.89,1.0,0.89,1.0,BULL,NEUTRAL
PHASE1_00104,NVDA,BUY,2026-04-10T14:50:00-04:00,2026-04-10T10:50:00-04:00,2026-04-10T14:50:00-04:00,2026-04-10T10:50:00-04:00,188.78,188.36,189.49,190.06,2026-04-10T15:10:00-04:00,2026-04-10T11:10:00-04:00,189.43,TARGET1_HIT,1.5783,1200,0.79,0.015,0.89,1.0,0.89,1.0,BULL,NEUTRAL
PHASE1_00105,NVDA,BUY,2026-04-10T15:20:00-04:00,2026-04-10T11:20:00-04:00,2026-04-10T15:20:00-04:00,2026-04-10T11:20:00-04:00,189.56,189.02,190.15,190.72,2026-04-10T15:35:00-04:00,2026-04-10T11:35:00-04:00,189.02,STOP_HIT,-1.0,900,0.0,0.58,0.89,1.0,0.89,1.0,BULL,NEUTRAL
PHASE1_00106,NVDA,BUY,2026-04-13T14:50:00-04:00,2026-04-13T10:50:00-04:00,2026-04-13T14:50:00-04:00,2026-04-13T10:50:00-04:00,188.32,188.13,189.26,189.83,2026-04-13T15:50:00-04:00,2026-04-13T11:50:00-04:00,189.4,TARGET1_HIT,5.6842,3600,1.135,0.0,0.89,1.0,0.89,1.0,BULL,NEUTRAL
PHASE1_00107,NVDA,BUY,2026-04-13T15:20:00-04:00,2026-04-13T11:20:00-04:00,2026-04-13T15:20:00-04:00,2026-04-13T11:20:00-04:00,188.83,188.29,189.42,189.99,2026-04-13T15:50:00-04:00,2026-04-13T11:50:00-04:00,189.4,TARGET1_HIT,1.0552,1800,0.6249,0.4401,0.89,1.0,0.89,1.0,BULL,NEUTRAL
PHASE1_00108,NVDA,BUY,2026-04-14T14:10:00-04:00,2026-04-14T10:10:00-04:00,2026-04-14T14:10:00-04:00,2026-04-14T10:10:00-04:00,194.84,194.39,195.56,196.14,2026-04-14T14:25:00-04:00,2026-04-14T10:25:00-04:00,194.39,STOP_HIT,-1.0,900,0.025,0.455,0.89,1.0,0.89,1.0,BULL,NEUTRAL
PHASE1_00109,NVDA,BUY,2026-04-14T15:40:00-04:00,2026-04-14T11:40:00-04:00,2026-04-14T15:40:00-04:00,2026-04-14T11:40:00-04:00,196.26,195.47,196.65,197.23,2026-04-15T09:30:00-04:00,2026-04-15T05:30:00-04:00,198.03,TARGET1_HIT,2.2404,64200,2.42,0.69,0.93,1.0,0.93,1.0,BULL,NEUTRAL
PHASE1_00110,NVDA,BUY,2026-04-15T14:50:00-04:00,2026-04-15T10:50:00-04:00,2026-04-15T14:50:00-04:00,2026-04-15T10:50:00-04:00,197.38,196.92,198.11,198.7,2026-04-15T15:20:00-04:00,2026-04-15T11:20:00-04:00,198.0,TARGET1_HIT,1.3846,1800,0.765,0.225,0.85,1.0,0.85,1.0,BULL,NEUTRAL
PHASE1_00111,NVDA,BUY,2026-04-15T15:20:00-04:00,2026-04-15T11:20:00-04:00,2026-04-15T15:20:00-04:00,2026-04-15T11:20:00-04:00,197.85,197.53,198.72,199.31,2026-04-15T15:50:00-04:00,2026-04-15T11:50:00-04:00,198.73,TARGET1_HIT,2.6923,1800,0.965,0.0,0.85,1.0,0.85,1.0,BULL,NEUTRAL
PHASE1_00112,NVDA,BUY,2026-04-17T14:15:00-04:00,2026-04-17T10:15:00-04:00,2026-04-17T14:15:00-04:00,2026-04-17T10:15:00-04:00,200.46,200.19,201.39,201.99,2026-04-17T15:20:00-04:00,2026-04-17T11:20:00-04:00,201.36,TARGET1_HIT,3.3317,3900,0.9899,0.0801,0.89,1.0,0.89,1.0,BULL,NEUTRAL
PHASE1_00113,NVDA,BUY,2026-04-17T15:00:00-04:00,2026-04-17T11:00:00-04:00,2026-04-17T15:00:00-04:00,2026-04-17T11:00:00-04:00,200.87,200.45,201.65,202.26,2026-04-17T15:55:00-04:00,2026-04-17T11:55:00-04:00,201.65,TARGET1_HIT,1.8571,3300,0.83,0.14,0.89,1.0,0.89,1.0,BULL,NEUTRAL
PHASE1_00114,NVDA,BUY,2026-04-17T15:35:00-04:00,2026-04-17T11:35:00-04:00,2026-04-17T15:35:00-04:00,2026-04-17T11:35:00-04:00,201.28,200.84,202.04,202.65,2026-04-20T09:30:00-04:00,2026-04-20T05:30:00-04:00,199.98,STOP_HIT,-2.9545,237300,0.42,2.86,0.89,1.0,0.89,1.0,BULL,NEUTRAL
PHASE1_00115,NVDA,BUY,2026-04-20T14:05:00-04:00,2026-04-20T10:05:00-04:00,2026-04-20T14:05:00-04:00,2026-04-20T10:05:00-04:00,200.17,199.85,201.06,201.66,2026-04-20T15:10:00-04:00,2026-04-20T11:10:00-04:00,201.1,TARGET1_HIT,2.9219,3900,0.97,0.03,0.89,1.0,0.89,1.0,BULL,NEUTRAL
PHASE1_00116,NVDA,BUY,2026-04-20T15:00:00-04:00,2026-04-20T11:00:00-04:00,2026-04-20T15:00:00-04:00,2026-04-20T11:00:00-04:00,200.79,200.3,201.5,202.11,2026-04-20T15:35:00-04:00,2026-04-20T11:35:00-04:00,201.56,TARGET1_HIT,1.5612,2100,0.7774,0.045,0.93,1.0,0.93,1.0,BULL,NEUTRAL
PHASE1_00117,NVDA,BUY,2026-04-20T15:30:00-04:00,2026-04-20T11:30:00-04:00,2026-04-20T15:30:00-04:00,2026-04-20T11:30:00-04:00,201.13,200.66,201.86,202.47,2026-04-20T15:50:00-04:00,2026-04-20T11:50:00-04:00,202.03,TARGET1_HIT,1.9183,1200,0.955,0.0,0.89,1.0,0.89,1.0,BULL,NEUTRAL
PHASE1_00118,NVDA,BUY,2026-04-21T14:30:00-04:00,2026-04-21T10:30:00-04:00,2026-04-21T14:30:00-04:00,2026-04-21T10:30:00-04:00,199.95,199.67,200.88,201.48,2026-04-21T15:25:00-04:00,2026-04-21T11:25:00-04:00,200.96,TARGET1_HIT,3.5964,3300,1.02,0.0,0.85,1.0,0.85,1.0,BULL,NEUTRAL
PHASE1_00119,NVDA,BUY,2026-04-21T15:10:00-04:00,2026-04-21T11:10:00-04:00,2026-04-21T15:10:00-04:00,2026-04-21T11:10:00-04:00,200.66,199.96,201.16,201.77,2026-04-21T15:30:00-04:00,2026-04-21T11:30:00-04:00,201.02,TARGET1_HIT,0.5143,1200,0.5,0.31,0.85,1.0,0.85,1.0,BULL,NEUTRAL
PHASE1_00120,NVDA,BUY,2026-04-22T15:50:00-04:00,2026-04-22T11:50:00-04:00,2026-04-22T15:50:00-04:00,2026-04-22T11:50:00-04:00,201.75,201.55,202.9,203.5,2026-04-23T09:30:00-04:00,2026-04-23T05:30:00-04:00,201.55,STOP_HIT,-1.0,63600,1.13,0.645,0.89,1.0,0.89,1.0,BULL,NEUTRAL
PHASE1_00121,NVDA,BUY,2026-04-23T15:45:00-04:00,2026-04-23T11:45:00-04:00,2026-04-23T15:45:00-04:00,2026-04-23T11:45:00-04:00,199.03,198.83,200.18,200.78,2026-04-23T15:50:00-04:00,2026-04-23T11:50:00-04:00,198.83,STOP_HIT,-1.0,300,0.445,0.315,0.85,1.0,0.85,1.0,BULL,NEUTRAL
PHASE1_00122,QQQ,SELL,2026-04-02T14:25:00-04:00,2026-04-02T10:25:00-04:00,2026-04-02T14:25:00-04:00,2026-04-02T10:25:00-04:00,582.38,583.58,580.08,578.34,2026-04-02T15:05:00-04:00,2026-04-02T11:05:00-04:00,583.58,STOP_HIT,-1.0,2400,0.33,1.21,0.85,1.0,0.85,1.0,BEAR,NEUTRAL
PHASE1_00123,QQQ,BUY,2026-04-02T15:05:00-04:00,2026-04-02T11:05:00-04:00,2026-04-02T15:05:00-04:00,2026-04-02T11:05:00-04:00,583.14,582.11,585.62,587.37,2026-04-06T09:30:00-04:00,2026-04-06T05:30:00-04:00,588.34,TARGET1_HIT,5.0485,325500,5.58,0.2999,0.69,1.0,0.69,1.0,BEAR,NEUTRAL
PHASE1_00124,QQQ,BUY,2026-04-02T15:40:00-04:00,2026-04-02T11:40:00-04:00,2026-04-02T15:40:00-04:00,2026-04-02T11:40:00-04:00,583.48,581.7,585.2,586.95,2026-04-06T09:30:00-04:00,2026-04-06T05:30:00-04:00,588.34,TARGET1_HIT,2.7303,323400,5.24,0.5099,0.69,1.0,0.69,1.0,BEAR,NEUTRAL
PHASE1_00125,QQQ,SELL,2026-04-06T14:00:00-04:00,2026-04-06T10:00:00-04:00,2026-04-06T14:00:00-04:00,2026-04-06T10:00:00-04:00,586.13,587.21,583.69,581.93,2026-04-06T14:10:00-04:00,2026-04-06T10:10:00-04:00,587.21,STOP_HIT,-1.0,600,0.355,1.475,0.89,1.0,0.89,1.0,BEAR,NEUTRAL
PHASE1_00126,QQQ,BUY,2026-04-06T14:45:00-04:00,2026-04-06T10:45:00-04:00,2026-04-06T14:45:00-04:00,2026-04-06T10:45:00-04:00,587.88,586.54,590.07,591.83,2026-04-07T09:30:00-04:00,2026-04-07T05:30:00-04:00,586.08,STOP_HIT,-1.3433,67500,0.95,3.33,0.69,1.0,0.69,1.0,BEAR,NEUTRAL
PHASE1_00127,QQQ,BUY,2026-04-06T15:35:00-04:00,2026-04-06T11:35:00-04:00,2026-04-06T15:35:00-04:00,2026-04-06T11:35:00-04:00,588.02,586.62,590.15,591.91,2026-04-07T09:30:00-04:00,2026-04-07T05:30:00-04:00,586.08,STOP_HIT,-1.386,64500,0.8111,3.4689,0.69,1.0,0.69,1.0,BEAR,NEUTRAL
PHASE1_00128,QQQ,SELL,2026-04-07T14:45:00-04:00,2026-04-07T10:45:00-04:00,2026-04-07T14:45:00-04:00,2026-04-07T10:45:00-04:00,583.81,584.75,581.25,579.5,2026-04-07T15:15:00-04:00,2026-04-07T11:15:00-04:00,584.75,STOP_HIT,-1.0,1800,2.1501,2.4999,0.85,1.0,0.85,1.0,BEAR,NEUTRAL
PHASE1_00129,QQQ,BUY,2026-04-07T15:40:00-04:00,2026-04-07T11:40:00-04:00,2026-04-07T15:40:00-04:00,2026-04-07T11:40:00-04:00,584.7,584.12,587.72,589.47,2026-04-07T15:45:00-04:00,2026-04-07T11:45:00-04:00,586.63,TARGET1_HIT,3.3008,300,3.3,0.0,0.69,1.0,0.69,1.0,BEAR,NEUTRAL
PHASE1_00130,QQQ,BUY,2026-04-08T15:55:00-04:00,2026-04-08T11:55:00-04:00,2026-04-08T15:55:00-04:00,2026-04-08T11:55:00-04:00,604.91,604.31,608.1,609.92,2026-04-09T09:55:00-04:00,2026-04-09T05:55:00-04:00,604.31,STOP_HIT,-1.0,64800,1.76,0.79,0.89,1.0,0.89,1.0,BULL,NEUTRAL
PHASE1_00131,QQQ,BUY,2026-04-09T15:20:00-04:00,2026-04-09T11:20:00-04:00,2026-04-09T15:20:00-04:00,2026-04-09T11:20:00-04:00,609.09,607.79,611.44,613.27,2026-04-10T09:30:00-04:00,2026-04-10T05:30:00-04:00,612.31,TARGET1_HIT,2.4769,65400,4.02,0.0,0.89,1.0,0.89,1.0,BULL,NEUTRAL
PHASE1_00132,QQQ,BUY,2026-04-09T15:50:00-04:00,2026-04-09T11:50:00-04:00,2026-04-09T15:50:00-04:00,2026-04-09T11:50:00-04:00,610.01,608.97,612.64,614.47,2026-04-10T09:30:00-04:00,2026-04-10T05:30:00-04:00,612.31,TARGET1_HIT,2.2115,63600,3.1,0.12,0.93,1.0,0.93,1.0,BULL,NEUTRAL
PHASE1_00133,QQQ,BUY,2026-04-10T14:15:00-04:00,2026-04-10T10:15:00-04:00,2026-04-10T14:15:00-04:00,2026-04-10T10:15:00-04:00,610.41,609.28,612.95,614.78,2026-04-13T09:30:00-04:00,2026-04-13T05:30:00-04:00,609.28,STOP_HIT,-1.0,242100,1.0701,1.3999,0.85,1.0,0.85,1.0,BULL,NEUTRAL
PHASE1_00134,QQQ,BUY,2026-04-10T15:10:00-04:00,2026-04-10T11:10:00-04:00,2026-04-10T15:10:00-04:00,2026-04-10T11:10:00-04:00,610.86,609.83,613.5,615.33,2026-04-13T09:30:00-04:00,2026-04-13T05:30:00-04:00,609.56,STOP_HIT,-1.2634,238800,0.625,1.845,0.85,1.0,0.85,1.0,BULL,NEUTRAL
PHASE1_00135,QQQ,BUY,2026-04-13T14:05:00-04:00,2026-04-13T10:05:00-04:00,2026-04-13T14:05:00-04:00,2026-04-13T10:05:00-04:00,614.31,612.93,616.61,618.46,2026-04-13T15:50:00-04:00,2026-04-13T11:50:00-04:00,616.9,TARGET1_HIT,1.8768,6300,2.78,0.5,0.89,1.0,0.89,1.0,BULL,NEUTRAL
PHASE1_00136,QQQ,BUY,2026-04-13T14:45:00-04:00,2026-04-13T10:45:00-04:00,2026-04-13T14:45:00-04:00,2026-04-13T10:45:00-04:00,614.47,613.27,616.96,618.8,2026-04-13T15:50:00-04:00,2026-04-13T11:50:00-04:00,616.9,TARGET1_HIT,2.025,3900,2.6201,0.0,0.89,1.0,0.89,1.0,BULL,NEUTRAL
PHASE1_00137,QQQ,BUY,2026-04-13T15:20:00-04:00,2026-04-13T11:20:00-04:00,2026-04-13T15:20:00-04:00,2026-04-13T11:20:00-04:00,615.15,613.83,617.52,619.37,2026-04-13T15:55:00-04:00,2026-04-13T11:55:00-04:00,617.32,TARGET1_HIT,1.6439,2100,2.81,0.0,0.89,1.0,0.89,1.0,BULL,NEUTRAL
PHASE1_00138,QQQ,BUY,2026-04-14T15:50:00-04:00,2026-04-14T11:50:00-04:00,2026-04-14T15:50:00-04:00,2026-04-14T11:50:00-04:00,627.84,626.09,629.86,631.74,2026-04-15T09:35:00-04:00,2026-04-15T05:35:00-04:00,629.84,TARGET1_HIT,1.1429,63900,2.05,0.22,0.93,1.0,0.93,1.0,BULL,NEUTRAL
PHASE1_00139,QQQ,BUY,2026-04-14T15:15:00-04:00,2026-04-14T11:15:00-04:00,2026-04-14T15:15:00-04:00,2026-04-14T11:15:00-04:00,627.44,626.21,629.97,631.86,2026-04-15T09:40:00-04:00,2026-04-15T05:40:00-04:00,628.35,TARGET1_HIT,0.74,66300,2.5601,0.0799,0.89,1.0,0.89,1.0,BULL,NEUTRAL
PHASE1_00140,QQQ,BUY,2026-04-15T14:00:00-04:00,2026-04-15T10:00:00-04:00,2026-04-15T14:00:00-04:00,2026-04-15T10:00:00-04:00,633.07,631.97,635.77,637.67,2026-04-15T14:55:00-04:00,2026-04-15T10:55:00-04:00,635.81,TARGET1_HIT,2.4912,3300,3.0001,0.0,0.93,1.0,0.93,1.0,BULL,NEUTRAL
PHASE1_00141,QQQ,BUY,2026-04-16T15:50:00-04:00,2026-04-16T11:50:00-04:00,2026-04-16T15:50:00-04:00,2026-04-16T11:50:00-04:00,640.26,638.7,642.54,644.47,2026-04-17T09:30:00-04:00,2026-04-17T05:30:00-04:00,645.1,TARGET1_HIT,3.0994,63600,6.01,0.17,0.89,1.0,0.89,1.0,BULL,NEUTRAL
PHASE1_00142,QQQ,BUY,2026-04-17T15:40:00-04:00,2026-04-17T11:40:00-04:00,2026-04-17T15:40:00-04:00,2026-04-17T11:40:00-04:00,648.32,647.05,650.94,652.89,2026-04-20T09:30:00-04:00,2026-04-20T05:30:00-04:00,647.05,STOP_HIT,-1.0,237000,0.53,1.475,0.89,1.0,0.89,1.0,BULL,NEUTRAL
PHASE1_00143,QQQ,BUY,2026-04-20T14:05:00-04:00,2026-04-20T10:05:00-04:00,2026-04-20T14:05:00-04:00,2026-04-20T10:05:00-04:00,645.92,644.77,648.65,650.59,2026-04-21T09:30:00-04:00,2026-04-21T05:30:00-04:00,647.22,TARGET1_HIT,1.1169,69900,3.165,0.305,0.89,1.0,0.89,1.0,BULL,NEUTRAL
PHASE1_00144,QQQ,BUY,2026-04-20T14:45:00-04:00,2026-04-20T10:45:00-04:00,2026-04-20T14:45:00-04:00,2026-04-20T10:45:00-04:00,646.3,644.95,648.83,650.77,2026-04-21T09:30:00-04:00,2026-04-21T05:30:00-04:00,647.22,TARGET1_HIT,0.6778,67500,2.79,0.38,0.89,1.0,0.89,1.0,BULL,NEUTRAL
PHASE1_00145,QQQ,BUY,2026-04-21T15:05:00-04:00,2026-04-21T11:05:00-04:00,2026-04-21T15:05:00-04:00,2026-04-21T11:05:00-04:00,646.69,645.21,649.09,651.03,2026-04-21T15:40:00-04:00,2026-04-21T11:40:00-04:00,645.21,STOP_HIT,-1.0,2100,1.14,4.48,0.89,1.0,0.89,1.0,BULL,NEUTRAL
PHASE1_00146,QQQ,BUY,2026-04-21T15:35:00-04:00,2026-04-21T11:35:00-04:00,2026-04-21T15:35:00-04:00,2026-04-21T11:35:00-04:00,647.34,644.71,648.59,650.53,2026-04-21T15:40:00-04:00,2026-04-21T11:40:00-04:00,644.71,STOP_HIT,-1.0,300,0.0,5.13,0.85,1.0,0.85,1.0,BULL,NEUTRAL
PHASE1_00147,QQQ,BUY,2026-04-22T15:15:00-04:00,2026-04-22T11:15:00-04:00,2026-04-22T15:15:00-04:00,2026-04-22T11:15:00-04:00,653.83,652.71,656.64,658.6,2026-04-23T09:30:00-04:00,2026-04-23T05:30:00-04:00,652.71,STOP_HIT,-1.0,65700,1.5,1.52,0.93,1.0,0.93,1.0,BULL,NEUTRAL
PHASE1_00148,QQQ,BUY,2026-04-22T15:45:00-04:00,2026-04-22T11:45:00-04:00,2026-04-22T15:45:00-04:00,2026-04-22T11:45:00-04:00,654.42,653.07,656.99,658.96,2026-04-23T09:30:00-04:00,2026-04-23T05:30:00-04:00,653.07,STOP_HIT,-1.0,63900,0.91,2.11,0.93,1.0,0.93,1.0,BULL,NEUTRAL
PHASE1_00149,QQQ,BUY,2026-04-24T15:00:00-04:00,2026-04-24T11:00:00-04:00,2026-04-24T15:00:00-04:00,2026-04-24T11:00:00-04:00,663.27,661.85,665.83,667.82,2026-04-24T15:55:00-04:00,2026-04-24T11:55:00-04:00,664.11,TIMEOUT,0.5915,3300,1.11,0.07,0.93,1.0,0.93,1.0,BULL,NEUTRAL
PHASE1_00150,QQQ,BUY,2026-04-24T15:30:00-04:00,2026-04-24T11:30:00-04:00,2026-04-24T15:30:00-04:00,2026-04-24T11:30:00-04:00,663.62,662.03,666.01,668.0,2026-04-24T15:55:00-04:00,2026-04-24T11:55:00-04:00,664.11,TIMEOUT,0.3082,1500,0.62,0.42,0.93,1.0,0.93,1.0,BULL,NEUTRAL
PHASE1_00151,SPY,BUY,2026-04-01T15:30:00-04:00,2026-04-01T11:30:00-04:00,2026-04-01T15:30:00-04:00,2026-04-01T11:30:00-04:00,656.1,654.45,658.38,660.35,2026-04-02T09:30:00-04:00,2026-04-02T05:30:00-04:00,646.42,STOP_HIT,-5.8667,64800,0.65,9.81,0.65,1.0,0.65,1.0,BEAR,NEUTRAL
PHASE1_00152,SPY,SELL,2026-04-02T14:25:00-04:00,2026-04-02T10:25:00-04:00,2026-04-02T14:25:00-04:00,2026-04-02T10:25:00-04:00,653.66,655.08,651.16,649.2,2026-04-02T15:10:00-04:00,2026-04-02T11:10:00-04:00,655.08,STOP_HIT,-1.0,2700,0.27,1.61,0.85,1.0,0.85,1.0,BEAR,NEUTRAL
PHASE1_00153,SPY,BUY,2026-04-02T15:05:00-04:00,2026-04-02T11:05:00-04:00,2026-04-02T15:05:00-04:00,2026-04-02T11:05:00-04:00,654.53,653.26,657.19,659.15,2026-04-06T09:30:00-04:00,2026-04-06T05:30:00-04:00,657.37,TARGET1_HIT,2.2362,325500,2.89,0.44,0.69,1.0,0.69,1.0,BEAR,NEUTRAL
PHASE1_00154,SPY,BUY,2026-04-02T15:40:00-04:00,2026-04-02T11:40:00-04:00,2026-04-02T15:40:00-04:00,2026-04-02T11:40:00-04:00,654.75,652.82,656.74,658.71,2026-04-06T09:30:00-04:00,2026-04-06T05:30:00-04:00,657.37,TARGET1_HIT,1.3575,323400,2.67,0.57,0.69,1.0,0.69,1.0,BEAR,NEUTRAL
PHASE1_00155,SPY,SELL,2026-04-06T14:00:00-04:00,2026-04-06T10:00:00-04:00,2026-04-06T14:00:00-04:00,2026-04-06T10:00:00-04:00,656.5,657.44,653.97,652.0,2026-04-06T14:10:00-04:00,2026-04-06T10:10:00-04:00,657.44,STOP_HIT,-1.0,600,0.1999,1.37,0.89,1.0,0.89,1.0,CHOP,NEUTRAL
PHASE1_00156,SPY,SELL,2026-04-07T14:40:00-04:00,2026-04-07T10:40:00-04:00,2026-04-07T14:40:00-04:00,2026-04-07T10:40:00-04:00,655.96,657.06,653.13,651.16,2026-04-07T15:15:00-04:00,2026-04-07T11:15:00-04:00,657.06,STOP_HIT,-1.0,2100,2.5479,1.61,0.85,1.0,0.85,1.0,BEAR,NEUTRAL
PHASE1_00157,SPY,BUY,2026-04-07T15:30:00-04:00,2026-04-07T11:30:00-04:00,2026-04-07T15:30:00-04:00,2026-04-07T11:30:00-04:00,656.65,654.87,658.81,660.78,2026-04-07T15:45:00-04:00,2026-04-07T11:45:00-04:00,657.72,TARGET1_HIT,0.6011,900,2.55,0.76,0.69,1.0,0.69,1.0,BEAR,NEUTRAL
PHASE1_00158,SPY,BUY,2026-04-08T15:50:00-04:00,2026-04-08T11:50:00-04:00,2026-04-08T15:50:00-04:00,2026-04-08T11:50:00-04:00,674.97,673.69,677.74,679.77,2026-04-09T11:30:00-04:00,2026-04-09T07:30:00-04:00,677.37,TARGET1_HIT,1.875,70800,3.1,1.2,0.93,1.0,0.93,1.0,BULL,NEUTRAL
PHASE1_00159,SPY,BUY,2026-04-09T15:30:00-04:00,2026-04-09T11:30:00-04:00,2026-04-09T15:30:00-04:00,2026-04-09T11:30:00-04:00,679.91,678.64,682.72,684.76,2026-04-10T12:40:00-04:00,2026-04-10T08:40:00-04:00,678.64,STOP_HIT,-1.0,76200,2.1201,1.41,0.93,1.0,0.93,1.0,BULL,NEUTRAL
PHASE1_00160,SPY,BUY,2026-04-10T14:15:00-04:00,2026-04-10T10:15:00-04:00,2026-04-10T14:15:00-04:00,2026-04-10T10:15:00-04:00,679.16,677.86,681.94,683.98,2026-04-13T09:30:00-04:00,2026-04-13T05:30:00-04:00,677.41,STOP_HIT,-1.3462,242100,0.83,2.17,0.85,1.0,0.85,1.0,BULL,NEUTRAL
PHASE1_00161,SPY,BUY,2026-04-13T14:05:00-04:00,2026-04-13T10:05:00-04:00,2026-04-13T14:05:00-04:00,2026-04-13T10:05:00-04:00,682.38,680.86,684.95,687.0,2026-04-13T15:50:00-04:00,2026-04-13T11:50:00-04:00,685.66,TARGET1_HIT,2.1579,6300,3.51,0.17,0.89,1.0,0.89,1.0,BULL,NEUTRAL
PHASE1_00162,SPY,BUY,2026-04-13T14:35:00-04:00,2026-04-13T10:35:00-04:00,2026-04-13T14:35:00-04:00,2026-04-13T10:35:00-04:00,682.52,680.98,685.07,687.12,2026-04-13T15:50:00-04:00,2026-04-13T11:50:00-04:00,685.66,TARGET1_HIT,2.039,4500,3.37,0.0,0.89,1.0,0.89,1.0,BULL,NEUTRAL
PHASE1_00163,SPY,BUY,2026-04-13T15:10:00-04:00,2026-04-13T11:10:00-04:00,2026-04-13T15:10:00-04:00,2026-04-13T11:10:00-04:00,683.27,681.55,685.64,687.69,2026-04-13T15:50:00-04:00,2026-04-13T11:50:00-04:00,685.66,TARGET1_HIT,1.3895,2400,2.62,0.1311,0.93,1.0,0.93,1.0,BULL,NEUTRAL
PHASE1_00164,SPY,BUY,2026-04-14T15:50:00-04:00,2026-04-14T11:50:00-04:00,2026-04-14T15:50:00-04:00,2026-04-14T11:50:00-04:00,694.05,691.87,696.03,698.11,2026-04-15T09:35:00-04:00,2026-04-15T05:35:00-04:00,696.28,TARGET1_HIT,1.0229,63900,2.26,0.51,0.93,1.0,0.93,1.0,BULL,NEUTRAL
PHASE1_00165,SPY,BUY,2026-04-14T15:20:00-04:00,2026-04-14T11:20:00-04:00,2026-04-14T15:20:00-04:00,2026-04-14T11:20:00-04:00,693.67,692.4,696.57,698.65,2026-04-15T10:20:00-04:00,2026-04-15T06:20:00-04:00,696.63,TARGET1_HIT,2.3307,68400,3.25,0.26,0.93,1.0,0.93,1.0,BULL,NEUTRAL
PHASE1_00166,SPY,BUY,2026-04-15T14:00:00-04:00,2026-04-15T10:00:00-04:00,2026-04-15T14:00:00-04:00,2026-04-15T10:00:00-04:00,697.49,696.33,700.52,702.62,2026-04-16T09:30:00-04:00,2026-04-16T05:30:00-04:00,701.05,TARGET1_HIT,3.069,70200,3.81,0.0,0.93,1.0,0.93,1.0,BULL,NEUTRAL
PHASE1_00167,SPY,BUY,2026-04-15T14:40:00-04:00,2026-04-15T10:40:00-04:00,2026-04-15T14:40:00-04:00,2026-04-15T10:40:00-04:00,699.0,697.2,701.39,703.49,2026-04-16T11:10:00-04:00,2026-04-16T07:10:00-04:00,701.42,TARGET1_HIT,1.3444,73800,2.46,0.47,0.89,1.0,0.89,1.0,BULL,NEUTRAL
PHASE1_00168,SPY,BUY,2026-04-15T15:10:00-04:00,2026-04-15T11:10:00-04:00,2026-04-15T15:10:00-04:00,2026-04-15T11:10:00-04:00,699.86,697.79,701.99,704.09,2026-04-16T11:15:00-04:00,2026-04-16T07:15:00-04:00,701.35,TARGET1_HIT,0.724,72300,2.175,1.325,0.93,1.0,0.93,1.0,BULL,NEUTRAL
PHASE1_00169,SPY,BUY,2026-04-15T15:45:00-04:00,2026-04-15T11:45:00-04:00,2026-04-15T15:45:00-04:00,2026-04-15T11:45:00-04:00,699.51,697.87,702.07,704.17,2026-04-16T11:35:00-04:00,2026-04-16T07:35:00-04:00,701.68,TARGET1_HIT,1.3232,71400,2.85,0.98,0.93,1.0,0.93,1.0,BULL,NEUTRAL
PHASE1_00170,SPY,BUY,2026-04-16T15:00:00-04:00,2026-04-16T11:00:00-04:00,2026-04-16T15:00:00-04:00,2026-04-16T11:00:00-04:00,700.71,699.3,703.5,705.61,2026-04-17T09:30:00-04:00,2026-04-17T05:30:00-04:00,706.98,TARGET1_HIT,4.4463,66600,6.43,0.11,0.89,1.0,0.89,1.0,BULL,NEUTRAL
PHASE1_00171,SPY,BUY,2026-04-16T15:35:00-04:00,2026-04-16T11:35:00-04:00,2026-04-16T15:35:00-04:00,2026-04-16T11:35:00-04:00,701.13,699.72,703.93,706.03,2026-04-17T09:30:00-04:00,2026-04-17T05:30:00-04:00,706.98,TARGET1_HIT,4.1484,64500,6.01,0.0,0.89,1.0,0.89,1.0,BULL,NEUTRAL
PHASE1_00172,SPY,BUY,2026-04-17T15:40:00-04:00,2026-04-17T11:40:00-04:00,2026-04-17T15:40:00-04:00,2026-04-17T11:40:00-04:00,710.03,708.6,712.86,714.99,2026-04-20T09:30:00-04:00,2026-04-20T05:30:00-04:00,708.6,STOP_HIT,-1.0,237000,0.37,1.66,0.85,1.0,0.85,1.0,BULL,NEUTRAL
PHASE1_00173,SPY,BUY,2026-04-20T14:20:00-04:00,2026-04-20T10:20:00-04:00,2026-04-20T14:20:00-04:00,2026-04-20T10:20:00-04:00,708.42,706.89,711.14,713.27,2026-04-21T10:05:00-04:00,2026-04-21T06:05:00-04:00,711.03,TARGET1_HIT,1.7082,71100,2.7613,0.8187,0.89,1.0,0.89,1.0,BULL,NEUTRAL
PHASE1_00174,SPY,BUY,2026-04-21T15:05:00-04:00,2026-04-21T11:05:00-04:00,2026-04-21T15:05:00-04:00,2026-04-21T11:05:00-04:00,706.67,704.99,709.23,711.35,2026-04-21T15:40:00-04:00,2026-04-21T11:40:00-04:00,704.99,STOP_HIT,-1.0,2100,1.2,4.03,0.85,1.0,0.85,1.0,BULL,NEUTRAL
PHASE1_00175,SPY,BUY,2026-04-21T15:35:00-04:00,2026-04-21T11:35:00-04:00,2026-04-21T15:35:00-04:00,2026-04-21T11:35:00-04:00,707.31,704.57,708.81,710.93,2026-04-21T15:40:00-04:00,2026-04-21T11:40:00-04:00,704.57,STOP_HIT,-1.0,300,0.0,4.67,0.85,1.0,0.85,1.0,BULL,NEUTRAL
PHASE1_00176,SPY,BUY,2026-04-22T15:50:00-04:00,2026-04-22T11:50:00-04:00,2026-04-22T15:50:00-04:00,2026-04-22T11:50:00-04:00,710.71,709.34,713.61,715.74,2026-04-23T09:30:00-04:00,2026-04-23T05:30:00-04:00,709.34,STOP_HIT,-1.0,63600,0.74,1.4901,0.93,1.0,0.93,1.0,BULL,NEUTRAL
PHASE1_00177,SPY,BUY,2026-04-22T15:20:00-04:00,2026-04-22T11:20:00-04:00,2026-04-22T15:20:00-04:00,2026-04-22T11:20:00-04:00,710.37,708.62,712.88,715.01,2026-04-23T13:05:00-04:00,2026-04-23T09:05:00-04:00,708.62,STOP_HIT,-1.0,78300,1.9898,2.51,0.89,1.0,0.89,1.0,BULL,NEUTRAL
PHASE1_00178,SPY,BUY,2026-04-24T14:55:00-04:00,2026-04-24T10:55:00-04:00,2026-04-24T14:55:00-04:00,2026-04-24T10:55:00-04:00,713.35,711.82,716.1,718.24,2026-04-24T15:55:00-04:00,2026-04-24T11:55:00-04:00,714.09,TIMEOUT,0.4837,3600,1.12,0.0,0.89,1.0,0.89,1.0,BULL,NEUTRAL
PHASE1_00179,SPY,BUY,2026-04-24T15:25:00-04:00,2026-04-24T11:25:00-04:00,2026-04-24T15:25:00-04:00,2026-04-24T11:25:00-04:00,713.81,712.03,716.31,718.45,2026-04-24T15:55:00-04:00,2026-04-24T11:55:00-04:00,714.09,TIMEOUT,0.1573,1800,0.62,0.37,0.93,1.0,0.93,1.0,BULL,NEUTRAL
PHASE1_00180,TSLA,SELL,2026-04-07T14:40:00-04:00,2026-04-07T10:40:00-04:00,2026-04-07T14:40:00-04:00,2026-04-07T10:40:00-04:00,342.05,342.39,339.77,338.75,2026-04-07T14:55:00-04:00,2026-04-07T10:55:00-04:00,340.37,TARGET1_HIT,4.8962,900,2.865,0.0,0.89,1.0,0.89,1.0,BEAR,NEUTRAL
PHASE1_00181,TSLA,SELL,2026-04-08T14:15:00-04:00,2026-04-08T10:15:00-04:00,2026-04-08T14:15:00-04:00,2026-04-08T10:15:00-04:00,347.57,347.92,343.76,342.72,2026-04-08T14:25:00-04:00,2026-04-08T10:25:00-04:00,343.62,TARGET1_HIT,11.3774,600,4.0198,0.0,0.89,1.0,0.89,1.0,BEAR,NEUTRAL
PHASE1_00182,TSLA,SELL,2026-04-09T14:25:00-04:00,2026-04-09T10:25:00-04:00,2026-04-09T14:25:00-04:00,2026-04-09T10:25:00-04:00,345.74,346.55,344.41,343.34,2026-04-09T15:00:00-04:00,2026-04-09T11:00:00-04:00,346.55,STOP_HIT,-1.0,2100,0.9699,0.8401,0.85,1.0,0.85,1.0,BEAR,NEUTRAL
PHASE1_00183,TSLA,SELL,2026-04-13T14:15:00-04:00,2026-04-13T10:15:00-04:00,2026-04-13T14:15:00-04:00,2026-04-13T10:15:00-04:00,352.83,353.18,350.83,349.77,2026-04-13T15:05:00-04:00,2026-04-13T11:05:00-04:00,351.21,TARGET1_HIT,4.5918,3000,2.01,0.0,0.85,1.0,0.85,1.0,BEAR,NEUTRAL
PHASE1_00184,TSLA,SELL,2026-04-13T15:00:00-04:00,2026-04-13T11:00:00-04:00,2026-04-13T15:00:00-04:00,2026-04-13T11:00:00-04:00,351.73,352.15,350.05,348.99,2026-04-13T15:30:00-04:00,2026-04-13T11:30:00-04:00,352.15,STOP_HIT,-1.0,1800,1.4699,0.59,0.89,1.0,0.89,1.0,BEAR,NEUTRAL
PHASE1_00185,TSLA,SELL,2026-04-14T14:00:00-04:00,2026-04-14T10:00:00-04:00,2026-04-14T14:00:00-04:00,2026-04-14T10:00:00-04:00,364.71,365.07,362.84,361.75,2026-04-14T14:20:00-04:00,2026-04-14T10:20:00-04:00,362.74,TARGET1_HIT,5.4162,1200,2.1503,0.0,0.85,1.0,0.85,1.0,BEAR,NEUTRAL
PHASE1_00186,TSLA,BUY,2026-04-15T14:25:00-04:00,2026-04-15T10:25:00-04:00,2026-04-15T14:25:00-04:00,2026-04-15T10:25:00-04:00,389.58,389.19,391.81,393.25,2026-04-15T14:35:00-04:00,2026-04-15T10:35:00-04:00,389.19,STOP_HIT,-1.0,600,0.8,0.58,0.89,1.0,0.89,1.0,CHOP,NEUTRAL
PHASE1_00187,TSLA,BUY,2026-04-15T15:05:00-04:00,2026-04-15T11:05:00-04:00,2026-04-15T15:05:00-04:00,2026-04-15T11:05:00-04:00,391.82,391.31,393.48,394.71,2026-04-15T15:10:00-04:00,2026-04-15T11:10:00-04:00,391.31,STOP_HIT,-1.0,300,0.345,0.965,0.89,1.0,0.89,1.0,CHOP,NEUTRAL
PHASE1_00188,TSLA,BUY,2026-04-15T15:35:00-04:00,2026-04-15T11:35:00-04:00,2026-04-15T15:35:00-04:00,2026-04-15T11:35:00-04:00,392.91,392.51,394.7,395.88,2026-04-15T15:50:00-04:00,2026-04-15T11:50:00-04:00,392.51,STOP_HIT,-1.0,900,1.7438,0.8262,0.89,1.0,0.89,1.0,CHOP,NEUTRAL
PHASE1_00189,TSLA,SELL,2026-04-16T15:25:00-04:00,2026-04-16T11:25:00-04:00,2026-04-16T15:25:00-04:00,2026-04-16T11:25:00-04:00,387.68,388.3,385.98,384.81,2026-04-16T15:35:00-04:00,2026-04-16T11:35:00-04:00,388.3,STOP_HIT,-1.0,600,0.48,1.3699,0.69,1.0,0.69,1.0,BULL,NEUTRAL
PHASE1_00190,TSLA,BUY,2026-04-20T14:05:00-04:00,2026-04-20T10:05:00-04:00,2026-04-20T14:05:00-04:00,2026-04-20T10:05:00-04:00,392.6,391.98,394.34,395.52,2026-04-20T14:35:00-04:00,2026-04-20T10:35:00-04:00,391.98,STOP_HIT,-1.0,1800,0.75,0.92,0.85,1.0,0.85,1.0,BULL,NEUTRAL
PHASE1_00191,TSLA,BUY,2026-04-20T15:35:00-04:00,2026-04-20T11:35:00-04:00,2026-04-20T15:35:00-04:00,2026-04-20T11:35:00-04:00,392.71,392.32,394.81,395.99,2026-04-21T09:30:00-04:00,2026-04-21T05:30:00-04:00,392.32,STOP_HIT,-1.0,64500,0.8,3.63,0.89,1.0,0.89,1.0,BULL,NEUTRAL
PHASE1_00192,TSLA,BUY,2026-04-21T14:10:00-04:00,2026-04-21T10:10:00-04:00,2026-04-21T14:10:00-04:00,2026-04-21T10:10:00-04:00,389.0,388.5,390.92,392.14,2026-04-21T14:15:00-04:00,2026-04-21T10:15:00-04:00,388.5,STOP_HIT,-1.0,300,1.1138,0.6599,0.85,1.0,0.85,1.0,BULL,NEUTRAL
PHASE1_00193,TSLA,SELL,2026-04-22T14:00:00-04:00,2026-04-22T10:00:00-04:00,2026-04-22T14:00:00-04:00,2026-04-22T10:00:00-04:00,389.03,389.7,387.65,386.48,2026-04-22T15:00:00-04:00,2026-04-22T11:00:00-04:00,387.75,TARGET1_HIT,1.903,3600,1.63,0.55,0.69,1.0,0.69,1.0,CHOP,NEUTRAL
PHASE1_00194,TSLA,BUY,2026-04-24T14:20:00-04:00,2026-04-24T10:20:00-04:00,2026-04-24T14:20:00-04:00,2026-04-24T10:20:00-04:00,376.08,375.29,377.54,378.67,2026-04-24T14:25:00-04:00,2026-04-24T10:25:00-04:00,375.29,STOP_HIT,-1.0,300,0.215,0.975,0.89,1.0,0.89,1.0,BULL,NEUTRAL
PHASE1_00195,TSLA,BUY,2026-04-24T15:10:00-04:00,2026-04-24T11:10:00-04:00,2026-04-24T15:10:00-04:00,2026-04-24T11:10:00-04:00,376.44,375.43,377.68,378.81,2026-04-24T15:40:00-04:00,2026-04-24T11:40:00-04:00,377.24,TARGET1_HIT,0.7924,1800,1.3144,0.21,0.89,1.0,0.89,1.0,BULL,NEUTRAL
PHASE1_00196,TSLA,BUY,2026-04-24T15:50:00-04:00,2026-04-24T11:50:00-04:00,2026-04-24T15:50:00-04:00,2026-04-24T11:50:00-04:00,376.88,376.5,379.1,380.23,2026-04-24T15:55:00-04:00,2026-04-24T11:55:00-04:00,376.5,STOP_HIT,-1.0,300,0.823,0.72,0.93,1.0,0.93,1.0,BULL,NEUTRAL
